-- phpMyAdmin SQL Dump
-- version 4.9.0.1
-- https://www.phpmyadmin.net/
--
-- Máy chủ: sql111.infinityfree.com
-- Thời gian đã tạo: Th4 08, 2026 lúc 03:20 AM
-- Phiên bản máy phục vụ: 11.4.10-MariaDB
-- Phiên bản PHP: 7.2.22

SET SQL_MODE = "NO_AUTO_VALUE_ON_ZERO";
SET AUTOCOMMIT = 0;
START TRANSACTION;
SET time_zone = "+00:00";


/*!40101 SET @OLD_CHARACTER_SET_CLIENT=@@CHARACTER_SET_CLIENT */;
/*!40101 SET @OLD_CHARACTER_SET_RESULTS=@@CHARACTER_SET_RESULTS */;
/*!40101 SET @OLD_COLLATION_CONNECTION=@@COLLATION_CONNECTION */;
/*!40101 SET NAMES utf8mb4 */;

--
-- Cơ sở dữ liệu: `if0_41378068_bonsaidb`
--

-- --------------------------------------------------------

--
-- Cấu trúc bảng cho bảng `categories`
--

CREATE TABLE `categories` (
  `CategoryID` int(11) NOT NULL,
  `CategoryName` varchar(255) NOT NULL,
  `Description` varchar(255) NOT NULL
) ENGINE=InnoDB DEFAULT CHARSET=utf8mb4 COLLATE=utf8mb4_general_ci;

--
-- Đang đổ dữ liệu cho bảng `categories`
--

INSERT INTO `categories` (`CategoryID`, `CategoryName`, `Description`) VALUES
(1, 'Cây văn phòng', 'Các loại cây trang trí văn phòng, giúp thanh lọc không khí.'),
(2, 'Cây dưới nước', 'Các loại cây sống trong nước, phù hợp với bể thủy sinh.'),
(3, 'Cây dễ chăm', 'Những loại cây dễ trồng, ít cần chăm sóc.'),
(4, 'Cây để bàn', 'Những loại cây nhỏ gọn, phù hợp đặt trên bàn làm việc.');

-- --------------------------------------------------------

--
-- Cấu trúc bảng cho bảng `district`
--

CREATE TABLE `district` (
  `district_id` int(11) NOT NULL,
  `province_id` int(11) NOT NULL,
  `name` varchar(64) NOT NULL
) ENGINE=MyISAM DEFAULT CHARSET=utf8mb4 COLLATE=utf8mb4_general_ci COMMENT='Quận huyện';

--
-- Đang đổ dữ liệu cho bảng `district`
--

INSERT INTO `district` (`district_id`, `province_id`, `name`) VALUES
(1, 1, 'Quận Ba Đình'),
(2, 1, 'Quận Hoàn Kiếm'),
(3, 1, 'Quận Tây Hồ'),
(4, 1, 'Quận Long Biên'),
(5, 1, 'Quận Cầu Giấy'),
(6, 1, 'Quận Đống Đa'),
(7, 1, 'Quận Hai Bà Trưng'),
(8, 1, 'Quận Hoàng Mai'),
(9, 1, 'Quận Thanh Xuân'),
(10, 1, 'Huyện Sóc Sơn'),
(11, 1, 'Huyện Đông Anh'),
(12, 1, 'Huyện Gia Lâm'),
(13, 1, 'Quận Nam Từ Liêm'),
(14, 1, 'Huyện Thanh Trì'),
(15, 1, 'Quận Bắc Từ Liêm'),
(16, 1, 'Huyện Mê Linh'),
(17, 1, 'Quận Hà Đông'),
(18, 1, 'Thị xã Sơn Tây'),
(19, 1, 'Huyện Ba Vì'),
(20, 1, 'Huyện Phúc Thọ'),
(21, 1, 'Huyện Đan Phượng'),
(22, 1, 'Huyện Hoài Đức'),
(23, 1, 'Huyện Quốc Oai'),
(24, 1, 'Huyện Thạch Thất'),
(25, 1, 'Huyện Chương Mỹ'),
(26, 1, 'Huyện Thanh Oai'),
(27, 1, 'Huyện Thường Tín'),
(28, 1, 'Huyện Phú Xuyên'),
(29, 1, 'Huyện Ứng Hòa'),
(30, 1, 'Huyện Mỹ Đức'),
(31, 2, 'Thành phố Hà Giang'),
(32, 2, 'Huyện Đồng Văn'),
(33, 2, 'Huyện Mèo Vạc'),
(34, 2, 'Huyện Yên Minh'),
(35, 2, 'Huyện Quản Bạ'),
(36, 2, 'Huyện Vị Xuyên'),
(37, 2, 'Huyện Bắc Mê'),
(38, 2, 'Huyện Hoàng Su Phì'),
(39, 2, 'Huyện Xín Mần'),
(40, 2, 'Huyện Bắc Quang'),
(41, 2, 'Huyện Quang Bình'),
(42, 3, 'Thành phố Cao Bằng'),
(43, 3, 'Huyện Bảo Lâm'),
(44, 3, 'Huyện Bảo Lạc'),
(45, 3, 'Huyện Hà Quảng'),
(46, 3, 'Huyện Trùng Khánh'),
(47, 3, 'Huyện Hạ Lang'),
(48, 3, 'Huyện Quảng Hòa'),
(49, 3, 'Huyện Hoà An'),
(50, 3, 'Huyện Nguyên Bình'),
(51, 3, 'Huyện Thạch An'),
(52, 4, 'Thành Phố Bắc Kạn'),
(53, 4, 'Huyện Pác Nặm'),
(54, 4, 'Huyện Ba Bể'),
(55, 4, 'Huyện Ngân Sơn'),
(56, 4, 'Huyện Bạch Thông'),
(57, 4, 'Huyện Chợ Đồn'),
(58, 4, 'Huyện Chợ Mới'),
(59, 4, 'Huyện Na Rì'),
(60, 5, 'Thành phố Tuyên Quang'),
(61, 5, 'Huyện Lâm Bình'),
(62, 5, 'Huyện Na Hang'),
(63, 5, 'Huyện Chiêm Hóa'),
(64, 5, 'Huyện Hàm Yên'),
(65, 5, 'Huyện Yên Sơn'),
(66, 5, 'Huyện Sơn Dương'),
(67, 6, 'Thành phố Lào Cai'),
(68, 6, 'Huyện Bát Xát'),
(69, 6, 'Huyện Mường Khương'),
(70, 6, 'Huyện Si Ma Cai'),
(71, 6, 'Huyện Bắc Hà'),
(72, 6, 'Huyện Bảo Thắng'),
(73, 6, 'Huyện Bảo Yên'),
(74, 6, 'Thị xã Sa Pa'),
(75, 6, 'Huyện Văn Bàn'),
(76, 7, 'Thành phố Điện Biên Phủ'),
(77, 7, 'Thị Xã Mường Lay'),
(78, 7, 'Huyện Mường Nhé'),
(79, 7, 'Huyện Mường Chà'),
(80, 7, 'Huyện Tủa Chùa'),
(81, 7, 'Huyện Tuần Giáo'),
(82, 7, 'Huyện Điện Biên'),
(83, 7, 'Huyện Điện Biên Đông'),
(84, 7, 'Huyện Mường Ảng'),
(85, 7, 'Huyện Nậm Pồ'),
(86, 8, 'Thành phố Lai Châu'),
(87, 8, 'Huyện Tam Đường'),
(88, 8, 'Huyện Mường Tè'),
(89, 8, 'Huyện Sìn Hồ'),
(90, 8, 'Huyện Phong Thổ'),
(91, 8, 'Huyện Than Uyên'),
(92, 8, 'Huyện Tân Uyên'),
(93, 8, 'Huyện Nậm Nhùn'),
(94, 9, 'Thành phố Sơn La'),
(95, 9, 'Huyện Quỳnh Nhai'),
(96, 9, 'Huyện Thuận Châu'),
(97, 9, 'Huyện Mường La'),
(98, 9, 'Huyện Bắc Yên'),
(99, 9, 'Huyện Phù Yên'),
(100, 9, 'Huyện Mộc Châu'),
(101, 9, 'Huyện Yên Châu'),
(102, 9, 'Huyện Mai Sơn'),
(103, 9, 'Huyện Sông Mã'),
(104, 9, 'Huyện Sốp Cộp'),
(105, 9, 'Huyện Vân Hồ'),
(106, 10, 'Thành phố Yên Bái'),
(107, 10, 'Thị xã Nghĩa Lộ'),
(108, 10, 'Huyện Lục Yên'),
(109, 10, 'Huyện Văn Yên'),
(110, 10, 'Huyện Mù Căng Chải'),
(111, 10, 'Huyện Trấn Yên'),
(112, 10, 'Huyện Trạm Tấu'),
(113, 10, 'Huyện Văn Chấn'),
(114, 10, 'Huyện Yên Bình'),
(115, 11, 'Thành phố Hòa Bình'),
(116, 11, 'Huyện Đà Bắc'),
(117, 11, 'Huyện Lương Sơn'),
(118, 11, 'Huyện Kim Bôi'),
(119, 11, 'Huyện Cao Phong'),
(120, 11, 'Huyện Tân Lạc'),
(121, 11, 'Huyện Mai Châu'),
(122, 11, 'Huyện Lạc Sơn'),
(123, 11, 'Huyện Yên Thủy'),
(124, 11, 'Huyện Lạc Thủy'),
(125, 12, 'Thành phố Thái Nguyên'),
(126, 12, 'Thành phố Sông Công'),
(127, 12, 'Huyện Định Hóa'),
(128, 12, 'Huyện Phú Lương'),
(129, 12, 'Huyện Đồng Hỷ'),
(130, 12, 'Huyện Võ Nhai'),
(131, 12, 'Huyện Đại Từ'),
(132, 12, 'Thị xã Phổ Yên'),
(133, 12, 'Huyện Phú Bình'),
(134, 13, 'Thành phố Lạng Sơn'),
(135, 13, 'Huyện Tràng Định'),
(136, 13, 'Huyện Bình Gia'),
(137, 13, 'Huyện Văn Lãng'),
(138, 13, 'Huyện Cao Lộc'),
(139, 13, 'Huyện Văn Quan'),
(140, 13, 'Huyện Bắc Sơn'),
(141, 13, 'Huyện Hữu Lũng'),
(142, 13, 'Huyện Chi Lăng'),
(143, 13, 'Huyện Lộc Bình'),
(144, 13, 'Huyện Đình Lập'),
(145, 14, 'Thành phố Hạ Long'),
(146, 14, 'Thành phố Móng Cái'),
(147, 14, 'Thành phố Cẩm Phả'),
(148, 14, 'Thành phố Uông Bí'),
(149, 14, 'Huyện Bình Liêu'),
(150, 14, 'Huyện Tiên Yên'),
(151, 14, 'Huyện Đầm Hà'),
(152, 14, 'Huyện Hải Hà'),
(153, 14, 'Huyện Ba Chẽ'),
(154, 14, 'Huyện Vân Đồn'),
(155, 14, 'Thị xã Đông Triều'),
(156, 14, 'Thị xã Quảng Yên'),
(157, 14, 'Huyện Cô Tô'),
(158, 15, 'Thành phố Bắc Giang'),
(159, 15, 'Huyện Yên Thế'),
(160, 15, 'Huyện Tân Yên'),
(161, 15, 'Huyện Lạng Giang'),
(162, 15, 'Huyện Lục Nam'),
(163, 15, 'Huyện Lục Ngạn'),
(164, 15, 'Huyện Sơn Động'),
(165, 15, 'Huyện Yên Dũng'),
(166, 15, 'Huyện Việt Yên'),
(167, 15, 'Huyện Hiệp Hòa'),
(168, 16, 'Thành phố Việt Trì'),
(169, 16, 'Thị xã Phú Thọ'),
(170, 16, 'Huyện Đoan Hùng'),
(171, 16, 'Huyện Hạ Hoà'),
(172, 16, 'Huyện Thanh Ba'),
(173, 16, 'Huyện Phù Ninh'),
(174, 16, 'Huyện Yên Lập'),
(175, 16, 'Huyện Cẩm Khê'),
(176, 16, 'Huyện Tam Nông'),
(177, 16, 'Huyện Lâm Thao'),
(178, 16, 'Huyện Thanh Sơn'),
(179, 16, 'Huyện Thanh Thuỷ'),
(180, 16, 'Huyện Tân Sơn'),
(181, 17, 'Thành phố Vĩnh Yên'),
(182, 17, 'Thành phố Phúc Yên'),
(183, 17, 'Huyện Lập Thạch'),
(184, 17, 'Huyện Tam Dương'),
(185, 17, 'Huyện Tam Đảo'),
(186, 17, 'Huyện Bình Xuyên'),
(187, 17, 'Huyện Yên Lạc'),
(188, 17, 'Huyện Vĩnh Tường'),
(189, 17, 'Huyện Sông Lô'),
(190, 18, 'Thành phố Bắc Ninh'),
(191, 18, 'Huyện Yên Phong'),
(192, 18, 'Huyện Quế Võ'),
(193, 18, 'Huyện Tiên Du'),
(194, 18, 'Thành phố Từ Sơn'),
(195, 18, 'Huyện Thuận Thành'),
(196, 18, 'Huyện Gia Bình'),
(197, 18, 'Huyện Lương Tài'),
(198, 19, 'Thành phố Hải Dương'),
(199, 19, 'Thành phố Chí Linh'),
(200, 19, 'Huyện Nam Sách'),
(201, 19, 'Thị xã Kinh Môn'),
(202, 19, 'Huyện Kim Thành'),
(203, 19, 'Huyện Thanh Hà'),
(204, 19, 'Huyện Cẩm Giàng'),
(205, 19, 'Huyện Bình Giang'),
(206, 19, 'Huyện Gia Lộc'),
(207, 19, 'Huyện Tứ Kỳ'),
(208, 19, 'Huyện Ninh Giang'),
(209, 19, 'Huyện Thanh Miện'),
(210, 20, 'Quận Hồng Bàng'),
(211, 20, 'Quận Ngô Quyền'),
(212, 20, 'Quận Lê Chân'),
(213, 20, 'Quận Hải An'),
(214, 20, 'Quận Kiến An'),
(215, 20, 'Quận Đồ Sơn'),
(216, 20, 'Quận Dương Kinh'),
(217, 20, 'Huyện Thuỷ Nguyên'),
(218, 20, 'Huyện An Dương'),
(219, 20, 'Huyện An Lão'),
(220, 20, 'Huyện Kiến Thuỵ'),
(221, 20, 'Huyện Tiên Lãng'),
(222, 20, 'Huyện Vĩnh Bảo'),
(223, 20, 'Huyện Cát Hải'),
(224, 20, 'Huyện Bạch Long Vĩ'),
(225, 21, 'Thành phố Hưng Yên'),
(226, 21, 'Huyện Văn Lâm'),
(227, 21, 'Huyện Văn Giang'),
(228, 21, 'Huyện Yên Mỹ'),
(229, 21, 'Thị xã Mỹ Hào'),
(230, 21, 'Huyện Ân Thi'),
(231, 21, 'Huyện Khoái Châu'),
(232, 21, 'Huyện Kim Động'),
(233, 21, 'Huyện Tiên Lữ'),
(234, 21, 'Huyện Phù Cừ'),
(235, 22, 'Thành phố Thái Bình'),
(236, 22, 'Huyện Quỳnh Phụ'),
(237, 22, 'Huyện Hưng Hà'),
(238, 22, 'Huyện Đông Hưng'),
(239, 22, 'Huyện Thái Thụy'),
(240, 22, 'Huyện Tiền Hải'),
(241, 22, 'Huyện Kiến Xương'),
(242, 22, 'Huyện Vũ Thư'),
(243, 23, 'Thành phố Phủ Lý'),
(244, 23, 'Thị xã Duy Tiên'),
(245, 23, 'Huyện Kim Bảng'),
(246, 23, 'Huyện Thanh Liêm'),
(247, 23, 'Huyện Bình Lục'),
(248, 23, 'Huyện Lý Nhân'),
(249, 24, 'Thành phố Nam Định'),
(250, 24, 'Huyện Mỹ Lộc'),
(251, 24, 'Huyện Vụ Bản'),
(252, 24, 'Huyện Ý Yên'),
(253, 24, 'Huyện Nghĩa Hưng'),
(254, 24, 'Huyện Nam Trực'),
(255, 24, 'Huyện Trực Ninh'),
(256, 24, 'Huyện Xuân Trường'),
(257, 24, 'Huyện Giao Thủy'),
(258, 24, 'Huyện Hải Hậu'),
(259, 25, 'Thành phố Ninh Bình'),
(260, 25, 'Thành phố Tam Điệp'),
(261, 25, 'Huyện Nho Quan'),
(262, 25, 'Huyện Gia Viễn'),
(263, 25, 'Huyện Hoa Lư'),
(264, 25, 'Huyện Yên Khánh'),
(265, 25, 'Huyện Kim Sơn'),
(266, 25, 'Huyện Yên Mô'),
(267, 26, 'Thành phố Thanh Hóa'),
(268, 26, 'Thị xã Bỉm Sơn'),
(269, 26, 'Thành phố Sầm Sơn'),
(270, 26, 'Huyện Mường Lát'),
(271, 26, 'Huyện Quan Hóa'),
(272, 26, 'Huyện Bá Thước'),
(273, 26, 'Huyện Quan Sơn'),
(274, 26, 'Huyện Lang Chánh'),
(275, 26, 'Huyện Ngọc Lặc'),
(276, 26, 'Huyện Cẩm Thủy'),
(277, 26, 'Huyện Thạch Thành'),
(278, 26, 'Huyện Hà Trung'),
(279, 26, 'Huyện Vĩnh Lộc'),
(280, 26, 'Huyện Yên Định'),
(281, 26, 'Huyện Thọ Xuân'),
(282, 26, 'Huyện Thường Xuân'),
(283, 26, 'Huyện Triệu Sơn'),
(284, 26, 'Huyện Thiệu Hóa'),
(285, 26, 'Huyện Hoằng Hóa'),
(286, 26, 'Huyện Hậu Lộc'),
(287, 26, 'Huyện Nga Sơn'),
(288, 26, 'Huyện Như Xuân'),
(289, 26, 'Huyện Như Thanh'),
(290, 26, 'Huyện Nông Cống'),
(291, 26, 'Huyện Đông Sơn'),
(292, 26, 'Huyện Quảng Xương'),
(293, 26, 'Thị xã Nghi Sơn'),
(294, 27, 'Thành phố Vinh'),
(295, 27, 'Thị xã Cửa Lò'),
(296, 27, 'Thị xã Thái Hoà'),
(297, 27, 'Huyện Quế Phong'),
(298, 27, 'Huyện Quỳ Châu'),
(299, 27, 'Huyện Kỳ Sơn'),
(300, 27, 'Huyện Tương Dương'),
(301, 27, 'Huyện Nghĩa Đàn'),
(302, 27, 'Huyện Quỳ Hợp'),
(303, 27, 'Huyện Quỳnh Lưu'),
(304, 27, 'Huyện Con Cuông'),
(305, 27, 'Huyện Tân Kỳ'),
(306, 27, 'Huyện Anh Sơn'),
(307, 27, 'Huyện Diễn Châu'),
(308, 27, 'Huyện Yên Thành'),
(309, 27, 'Huyện Đô Lương'),
(310, 27, 'Huyện Thanh Chương'),
(311, 27, 'Huyện Nghi Lộc'),
(312, 27, 'Huyện Nam Đàn'),
(313, 27, 'Huyện Hưng Nguyên'),
(314, 27, 'Thị xã Hoàng Mai'),
(315, 28, 'Thành phố Hà Tĩnh'),
(316, 28, 'Thị xã Hồng Lĩnh'),
(317, 28, 'Huyện Hương Sơn'),
(318, 28, 'Huyện Đức Thọ'),
(319, 28, 'Huyện Vũ Quang'),
(320, 28, 'Huyện Nghi Xuân'),
(321, 28, 'Huyện Can Lộc'),
(322, 28, 'Huyện Hương Khê'),
(323, 28, 'Huyện Thạch Hà'),
(324, 28, 'Huyện Cẩm Xuyên'),
(325, 28, 'Huyện Kỳ Anh'),
(326, 28, 'Huyện Lộc Hà'),
(327, 28, 'Thị xã Kỳ Anh'),
(328, 29, 'Thành Phố Đồng Hới'),
(329, 29, 'Huyện Minh Hóa'),
(330, 29, 'Huyện Tuyên Hóa'),
(331, 29, 'Huyện Quảng Trạch'),
(332, 29, 'Huyện Bố Trạch'),
(333, 29, 'Huyện Quảng Ninh'),
(334, 29, 'Huyện Lệ Thủy'),
(335, 29, 'Thị xã Ba Đồn'),
(336, 30, 'Thành phố Đông Hà'),
(337, 30, 'Thị xã Quảng Trị'),
(338, 30, 'Huyện Vĩnh Linh'),
(339, 30, 'Huyện Hướng Hóa'),
(340, 30, 'Huyện Gio Linh'),
(341, 30, 'Huyện Đa Krông'),
(342, 30, 'Huyện Cam Lộ'),
(343, 30, 'Huyện Triệu Phong'),
(344, 30, 'Huyện Hải Lăng'),
(345, 30, 'Huyện Cồn Cỏ'),
(346, 31, 'Thành phố Huế'),
(347, 31, 'Huyện Phong Điền'),
(348, 31, 'Huyện Quảng Điền'),
(349, 31, 'Huyện Phú Vang'),
(350, 31, 'Thị xã Hương Thủy'),
(351, 31, 'Thị xã Hương Trà'),
(352, 31, 'Huyện A Lưới'),
(353, 31, 'Huyện Phú Lộc'),
(354, 31, 'Huyện Nam Đông'),
(355, 32, 'Quận Liên Chiểu'),
(356, 32, 'Quận Thanh Khê'),
(357, 32, 'Quận Hải Châu'),
(358, 32, 'Quận Sơn Trà'),
(359, 32, 'Quận Ngũ Hành Sơn'),
(360, 32, 'Quận Cẩm Lệ'),
(361, 32, 'Huyện Hòa Vang'),
(362, 32, 'Huyện Hoàng Sa'),
(363, 33, 'Thành phố Tam Kỳ'),
(364, 33, 'Thành phố Hội An'),
(365, 33, 'Huyện Tây Giang'),
(366, 33, 'Huyện Đông Giang'),
(367, 33, 'Huyện Đại Lộc'),
(368, 33, 'Thị xã Điện Bàn'),
(369, 33, 'Huyện Duy Xuyên'),
(370, 33, 'Huyện Quế Sơn'),
(371, 33, 'Huyện Nam Giang'),
(372, 33, 'Huyện Phước Sơn'),
(373, 33, 'Huyện Hiệp Đức'),
(374, 33, 'Huyện Thăng Bình'),
(375, 33, 'Huyện Tiên Phước'),
(376, 33, 'Huyện Bắc Trà My'),
(377, 33, 'Huyện Nam Trà My'),
(378, 33, 'Huyện Núi Thành'),
(379, 33, 'Huyện Phú Ninh'),
(380, 33, 'Huyện Nông Sơn'),
(381, 34, 'Thành phố Quảng Ngãi'),
(382, 34, 'Huyện Bình Sơn'),
(383, 34, 'Huyện Trà Bồng'),
(384, 34, 'Huyện Sơn Tịnh'),
(385, 34, 'Huyện Tư Nghĩa'),
(386, 34, 'Huyện Sơn Hà'),
(387, 34, 'Huyện Sơn Tây'),
(388, 34, 'Huyện Minh Long'),
(389, 34, 'Huyện Nghĩa Hành'),
(390, 34, 'Huyện Mộ Đức'),
(391, 34, 'Thị xã Đức Phổ'),
(392, 34, 'Huyện Ba Tơ'),
(393, 34, 'Huyện Lý Sơn'),
(394, 35, 'Thành phố Quy Nhơn'),
(395, 35, 'Huyện An Lão'),
(396, 35, 'Thị xã Hoài Nhơn'),
(397, 35, 'Huyện Hoài Ân'),
(398, 35, 'Huyện Phù Mỹ'),
(399, 35, 'Huyện Vĩnh Thạnh'),
(400, 35, 'Huyện Tây Sơn'),
(401, 35, 'Huyện Phù Cát'),
(402, 35, 'Thị xã An Nhơn'),
(403, 35, 'Huyện Tuy Phước'),
(404, 35, 'Huyện Vân Canh'),
(405, 36, 'Thành phố Tuy Hoà'),
(406, 36, 'Thị xã Sông Cầu'),
(407, 36, 'Huyện Đồng Xuân'),
(408, 36, 'Huyện Tuy An'),
(409, 36, 'Huyện Sơn Hòa'),
(410, 36, 'Huyện Sông Hinh'),
(411, 36, 'Huyện Tây Hoà'),
(412, 36, 'Huyện Phú Hoà'),
(413, 36, 'Thị xã Đông Hòa'),
(414, 37, 'Thành phố Nha Trang'),
(415, 37, 'Thành phố Cam Ranh'),
(416, 37, 'Huyện Cam Lâm'),
(417, 37, 'Huyện Vạn Ninh'),
(418, 37, 'Thị xã Ninh Hòa'),
(419, 37, 'Huyện Khánh Vĩnh'),
(420, 37, 'Huyện Diên Khánh'),
(421, 37, 'Huyện Khánh Sơn'),
(422, 37, 'Huyện Trường Sa'),
(423, 38, 'Thành phố Phan Rang-Tháp Chàm'),
(424, 38, 'Huyện Bác Ái'),
(425, 38, 'Huyện Ninh Sơn'),
(426, 38, 'Huyện Ninh Hải'),
(427, 38, 'Huyện Ninh Phước'),
(428, 38, 'Huyện Thuận Bắc'),
(429, 38, 'Huyện Thuận Nam'),
(430, 39, 'Thành phố Phan Thiết'),
(431, 39, 'Thị xã La Gi'),
(432, 39, 'Huyện Tuy Phong'),
(433, 39, 'Huyện Bắc Bình'),
(434, 39, 'Huyện Hàm Thuận Bắc'),
(435, 39, 'Huyện Hàm Thuận Nam'),
(436, 39, 'Huyện Tánh Linh'),
(437, 39, 'Huyện Đức Linh'),
(438, 39, 'Huyện Hàm Tân'),
(439, 39, 'Huyện Phú Quí'),
(440, 40, 'Thành phố Kon Tum'),
(441, 40, 'Huyện Đắk Glei'),
(442, 40, 'Huyện Ngọc Hồi'),
(443, 40, 'Huyện Đắk Tô'),
(444, 40, 'Huyện Kon Plông'),
(445, 40, 'Huyện Kon Rẫy'),
(446, 40, 'Huyện Đắk Hà'),
(447, 40, 'Huyện Sa Thầy'),
(448, 40, 'Huyện Tu Mơ Rông'),
(449, 40, 'Huyện Ia H\' Drai'),
(450, 41, 'Thành phố Pleiku'),
(451, 41, 'Thị xã An Khê'),
(452, 41, 'Thị xã Ayun Pa'),
(453, 41, 'Huyện KBang'),
(454, 41, 'Huyện Đăk Đoa'),
(455, 41, 'Huyện Chư Păh'),
(456, 41, 'Huyện Ia Grai'),
(457, 41, 'Huyện Mang Yang'),
(458, 41, 'Huyện Kông Chro'),
(459, 41, 'Huyện Đức Cơ'),
(460, 41, 'Huyện Chư Prông'),
(461, 41, 'Huyện Chư Sê'),
(462, 41, 'Huyện Đăk Pơ'),
(463, 41, 'Huyện Ia Pa'),
(464, 41, 'Huyện Krông Pa'),
(465, 41, 'Huyện Phú Thiện'),
(466, 41, 'Huyện Chư Pưh'),
(467, 42, 'Thành phố Buôn Ma Thuột'),
(468, 42, 'Thị Xã Buôn Hồ'),
(469, 42, 'Huyện Ea H\'leo'),
(470, 42, 'Huyện Ea Súp'),
(471, 42, 'Huyện Buôn Đôn'),
(472, 42, 'Huyện Cư M\'gar'),
(473, 42, 'Huyện Krông Búk'),
(474, 42, 'Huyện Krông Năng'),
(475, 42, 'Huyện Ea Kar'),
(476, 42, 'Huyện M\'Đrắk'),
(477, 42, 'Huyện Krông Bông'),
(478, 42, 'Huyện Krông Pắc'),
(479, 42, 'Huyện Krông A Na'),
(480, 42, 'Huyện Lắk'),
(481, 42, 'Huyện Cư Kuin'),
(482, 43, 'Thành phố Gia Nghĩa'),
(483, 43, 'Huyện Đăk Glong'),
(484, 43, 'Huyện Cư Jút'),
(485, 43, 'Huyện Đắk Mil'),
(486, 43, 'Huyện Krông Nô'),
(487, 43, 'Huyện Đắk Song'),
(488, 43, 'Huyện Đắk R\'Lấp'),
(489, 43, 'Huyện Tuy Đức'),
(490, 44, 'Thành phố Đà Lạt'),
(491, 44, 'Thành phố Bảo Lộc'),
(492, 44, 'Huyện Đam Rông'),
(493, 44, 'Huyện Lạc Dương'),
(494, 44, 'Huyện Lâm Hà'),
(495, 44, 'Huyện Đơn Dương'),
(496, 44, 'Huyện Đức Trọng'),
(497, 44, 'Huyện Di Linh'),
(498, 44, 'Huyện Bảo Lâm'),
(499, 44, 'Huyện Đạ Huoai'),
(500, 44, 'Huyện Đạ Tẻh'),
(501, 44, 'Huyện Cát Tiên'),
(502, 45, 'Thị xã Phước Long'),
(503, 45, 'Thành phố Đồng Xoài'),
(504, 45, 'Thị xã Bình Long'),
(505, 45, 'Huyện Bù Gia Mập'),
(506, 45, 'Huyện Lộc Ninh'),
(507, 45, 'Huyện Bù Đốp'),
(508, 45, 'Huyện Hớn Quản'),
(509, 45, 'Huyện Đồng Phú'),
(510, 45, 'Huyện Bù Đăng'),
(511, 45, 'Huyện Chơn Thành'),
(512, 45, 'Huyện Phú Riềng'),
(513, 46, 'Thành phố Tây Ninh'),
(514, 46, 'Huyện Tân Biên'),
(515, 46, 'Huyện Tân Châu'),
(516, 46, 'Huyện Dương Minh Châu'),
(517, 46, 'Huyện Châu Thành'),
(518, 46, 'Thị xã Hòa Thành'),
(519, 46, 'Huyện Gò Dầu'),
(520, 46, 'Huyện Bến Cầu'),
(521, 46, 'Thị xã Trảng Bàng'),
(522, 47, 'Thành phố Thủ Dầu Một'),
(523, 47, 'Huyện Bàu Bàng'),
(524, 47, 'Huyện Dầu Tiếng'),
(525, 47, 'Thị xã Bến Cát'),
(526, 47, 'Huyện Phú Giáo'),
(527, 47, 'Thị xã Tân Uyên'),
(528, 47, 'Thành phố Dĩ An'),
(529, 47, 'Thành phố Thuận An'),
(530, 47, 'Huyện Bắc Tân Uyên'),
(531, 48, 'Thành phố Biên Hòa'),
(532, 48, 'Thành phố Long Khánh'),
(533, 48, 'Huyện Tân Phú'),
(534, 48, 'Huyện Vĩnh Cửu'),
(535, 48, 'Huyện Định Quán'),
(536, 48, 'Huyện Trảng Bom'),
(537, 48, 'Huyện Thống Nhất'),
(538, 48, 'Huyện Cẩm Mỹ'),
(539, 48, 'Huyện Long Thành'),
(540, 48, 'Huyện Xuân Lộc'),
(541, 48, 'Huyện Nhơn Trạch'),
(542, 49, 'Thành phố Vũng Tàu'),
(543, 49, 'Thành phố Bà Rịa'),
(544, 49, 'Huyện Châu Đức'),
(545, 49, 'Huyện Xuyên Mộc'),
(546, 49, 'Huyện Long Điền'),
(547, 49, 'Huyện Đất Đỏ'),
(548, 49, 'Thị xã Phú Mỹ'),
(549, 49, 'Huyện Côn Đảo'),
(550, 50, 'Quận 1'),
(551, 50, 'Quận 12'),
(552, 50, 'Quận Gò Vấp'),
(553, 50, 'Quận Bình Thạnh'),
(554, 50, 'Quận Tân Bình'),
(555, 50, 'Quận Tân Phú'),
(556, 50, 'Quận Phú Nhuận'),
(557, 50, 'Thành phố Thủ Đức'),
(558, 50, 'Quận 3'),
(559, 50, 'Quận 10'),
(560, 50, 'Quận 11'),
(561, 50, 'Quận 4'),
(562, 50, 'Quận 5'),
(563, 50, 'Quận 6'),
(564, 50, 'Quận 8'),
(565, 50, 'Quận Bình Tân'),
(566, 50, 'Quận 7'),
(567, 50, 'Huyện Củ Chi'),
(568, 50, 'Huyện Hóc Môn'),
(569, 50, 'Huyện Bình Chánh'),
(570, 50, 'Huyện Nhà Bè'),
(571, 50, 'Huyện Cần Giờ'),
(572, 51, 'Thành phố Tân An'),
(573, 51, 'Thị xã Kiến Tường'),
(574, 51, 'Huyện Tân Hưng'),
(575, 51, 'Huyện Vĩnh Hưng'),
(576, 51, 'Huyện Mộc Hóa'),
(577, 51, 'Huyện Tân Thạnh'),
(578, 51, 'Huyện Thạnh Hóa'),
(579, 51, 'Huyện Đức Huệ'),
(580, 51, 'Huyện Đức Hòa'),
(581, 51, 'Huyện Bến Lức'),
(582, 51, 'Huyện Thủ Thừa'),
(583, 51, 'Huyện Tân Trụ'),
(584, 51, 'Huyện Cần Đước'),
(585, 51, 'Huyện Cần Giuộc'),
(586, 51, 'Huyện Châu Thành'),
(587, 52, 'Thành phố Mỹ Tho'),
(588, 52, 'Thị xã Gò Công'),
(589, 52, 'Thị xã Cai Lậy'),
(590, 52, 'Huyện Tân Phước'),
(591, 52, 'Huyện Cái Bè'),
(592, 52, 'Huyện Cai Lậy'),
(593, 52, 'Huyện Châu Thành'),
(594, 52, 'Huyện Chợ Gạo'),
(595, 52, 'Huyện Gò Công Tây'),
(596, 52, 'Huyện Gò Công Đông'),
(597, 52, 'Huyện Tân Phú Đông'),
(598, 53, 'Thành phố Bến Tre'),
(599, 53, 'Huyện Châu Thành'),
(600, 53, 'Huyện Chợ Lách'),
(601, 53, 'Huyện Mỏ Cày Nam'),
(602, 53, 'Huyện Giồng Trôm'),
(603, 53, 'Huyện Bình Đại'),
(604, 53, 'Huyện Ba Tri'),
(605, 53, 'Huyện Thạnh Phú'),
(606, 53, 'Huyện Mỏ Cày Bắc'),
(607, 54, 'Thành phố Trà Vinh'),
(608, 54, 'Huyện Càng Long'),
(609, 54, 'Huyện Cầu Kè'),
(610, 54, 'Huyện Tiểu Cần'),
(611, 54, 'Huyện Châu Thành'),
(612, 54, 'Huyện Cầu Ngang'),
(613, 54, 'Huyện Trà Cú'),
(614, 54, 'Huyện Duyên Hải'),
(615, 54, 'Thị xã Duyên Hải'),
(616, 55, 'Thành phố Vĩnh Long'),
(617, 55, 'Huyện Long Hồ'),
(618, 55, 'Huyện Mang Thít'),
(619, 55, 'Huyện  Vũng Liêm'),
(620, 55, 'Huyện Tam Bình'),
(621, 55, 'Thị xã Bình Minh'),
(622, 55, 'Huyện Trà Ôn'),
(623, 55, 'Huyện Bình Tân'),
(624, 56, 'Thành phố Cao Lãnh'),
(625, 56, 'Thành phố Sa Đéc'),
(626, 56, 'Thành phố Hồng Ngự'),
(627, 56, 'Huyện Tân Hồng'),
(628, 56, 'Huyện Hồng Ngự'),
(629, 56, 'Huyện Tam Nông'),
(630, 56, 'Huyện Tháp Mười'),
(631, 56, 'Huyện Cao Lãnh'),
(632, 56, 'Huyện Thanh Bình'),
(633, 56, 'Huyện Lấp Vò'),
(634, 56, 'Huyện Lai Vung'),
(635, 56, 'Huyện Châu Thành'),
(636, 57, 'Thành phố Long Xuyên'),
(637, 57, 'Thành phố Châu Đốc'),
(638, 57, 'Huyện An Phú'),
(639, 57, 'Thị xã Tân Châu'),
(640, 57, 'Huyện Phú Tân'),
(641, 57, 'Huyện Châu Phú'),
(642, 57, 'Huyện Tịnh Biên'),
(643, 57, 'Huyện Tri Tôn'),
(644, 57, 'Huyện Châu Thành'),
(645, 57, 'Huyện Chợ Mới'),
(646, 57, 'Huyện Thoại Sơn'),
(647, 58, 'Thành phố Rạch Giá'),
(648, 58, 'Thành phố Hà Tiên'),
(649, 58, 'Huyện Kiên Lương'),
(650, 58, 'Huyện Hòn Đất'),
(651, 58, 'Huyện Tân Hiệp'),
(652, 58, 'Huyện Châu Thành'),
(653, 58, 'Huyện Giồng Riềng'),
(654, 58, 'Huyện Gò Quao'),
(655, 58, 'Huyện An Biên'),
(656, 58, 'Huyện An Minh'),
(657, 58, 'Huyện Vĩnh Thuận'),
(658, 58, 'Thành phố Phú Quốc'),
(659, 58, 'Huyện Kiên Hải'),
(660, 58, 'Huyện U Minh Thượng'),
(661, 58, 'Huyện Giang Thành'),
(662, 59, 'Quận Ninh Kiều'),
(663, 59, 'Quận Ô Môn'),
(664, 59, 'Quận Bình Thuỷ'),
(665, 59, 'Quận Cái Răng'),
(666, 59, 'Quận Thốt Nốt'),
(667, 59, 'Huyện Vĩnh Thạnh'),
(668, 59, 'Huyện Cờ Đỏ'),
(669, 59, 'Huyện Phong Điền'),
(670, 59, 'Huyện Thới Lai'),
(671, 60, 'Thành phố Vị Thanh'),
(672, 60, 'Thành phố Ngã Bảy'),
(673, 60, 'Huyện Châu Thành A'),
(674, 60, 'Huyện Châu Thành'),
(675, 60, 'Huyện Phụng Hiệp'),
(676, 60, 'Huyện Vị Thuỷ'),
(677, 60, 'Huyện Long Mỹ'),
(678, 60, 'Thị xã Long Mỹ'),
(679, 61, 'Thành phố Sóc Trăng'),
(680, 61, 'Huyện Châu Thành'),
(681, 61, 'Huyện Kế Sách'),
(682, 61, 'Huyện Mỹ Tú'),
(683, 61, 'Huyện Cù Lao Dung'),
(684, 61, 'Huyện Long Phú'),
(685, 61, 'Huyện Mỹ Xuyên'),
(686, 61, 'Thị xã Ngã Năm'),
(687, 61, 'Huyện Thạnh Trị'),
(688, 61, 'Thị xã Vĩnh Châu'),
(689, 61, 'Huyện Trần Đề'),
(690, 62, 'Thành phố Bạc Liêu'),
(691, 62, 'Huyện Hồng Dân'),
(692, 62, 'Huyện Phước Long'),
(693, 62, 'Huyện Vĩnh Lợi'),
(694, 62, 'Thị xã Giá Rai'),
(695, 62, 'Huyện Đông Hải'),
(696, 62, 'Huyện Hoà Bình'),
(697, 63, 'Thành phố Cà Mau'),
(698, 63, 'Huyện U Minh'),
(699, 63, 'Huyện Thới Bình'),
(700, 63, 'Huyện Trần Văn Thời'),
(701, 63, 'Huyện Cái Nước'),
(702, 63, 'Huyện Đầm Dơi'),
(703, 63, 'Huyện Năm Căn'),
(704, 63, 'Huyện Phú Tân'),
(705, 63, 'Huyện Ngọc Hiển');

-- --------------------------------------------------------

--
-- Cấu trúc bảng cho bảng `import_details`
--

CREATE TABLE `import_details` (
  `DetailID` int(11) NOT NULL,
  `ReceiptID` int(11) NOT NULL,
  `ProductID` int(11) NOT NULL,
  `Quantity` int(11) NOT NULL,
  `ImportPrice` decimal(15,2) NOT NULL
) ENGINE=InnoDB DEFAULT CHARSET=utf8mb4 COLLATE=utf8mb4_vietnamese_ci;

--
-- Đang đổ dữ liệu cho bảng `import_details`
--

INSERT INTO `import_details` (`DetailID`, `ReceiptID`, `ProductID`, `Quantity`, `ImportPrice`) VALUES
(2, 1, 48, 1, '203333.33'),
(3, 2, 1, 10, '100000.00'),
(4, 2, 2, 10, '300000.00'),
(5, 2, 3, 10, '300000.00'),
(6, 2, 4, 10, '600000.00'),
(7, 2, 5, 10, '500000.00'),
(8, 2, 6, 10, '300000.00'),
(9, 2, 8, 10, '200000.00'),
(10, 2, 9, 10, '200000.00'),
(11, 2, 11, 10, '200000.00'),
(12, 2, 12, 10, '200000.00'),
(13, 2, 14, 10, '900000.00'),
(14, 2, 17, 10, '700000.00'),
(15, 2, 19, 10, '800000.00'),
(16, 2, 20, 10, '200000.00'),
(17, 2, 22, 10, '200000.00');

-- --------------------------------------------------------

--
-- Cấu trúc bảng cho bảng `import_receipts`
--

CREATE TABLE `import_receipts` (
  `ReceiptID` int(11) NOT NULL,
  `ImportDate` datetime DEFAULT current_timestamp(),
  `TotalAmount` decimal(15,2) DEFAULT 0.00,
  `Status` enum('pending','completed') DEFAULT 'pending',
  `Note` text DEFAULT NULL
) ENGINE=InnoDB DEFAULT CHARSET=utf8mb4 COLLATE=utf8mb4_vietnamese_ci;

--
-- Đang đổ dữ liệu cho bảng `import_receipts`
--

INSERT INTO `import_receipts` (`ReceiptID`, `ImportDate`, `TotalAmount`, `Status`, `Note`) VALUES
(1, '2026-03-26 12:47:35', '203333.33', 'completed', ''),
(2, '2026-04-07 04:47:15', '57000000.00', 'completed', 'test');

-- --------------------------------------------------------

--
-- Cấu trúc bảng cho bảng `orderdetails`
--

CREATE TABLE `orderdetails` (
  `OrderID` int(11) NOT NULL,
  `ProductID` int(11) NOT NULL,
  `Quantity` int(11) NOT NULL,
  `UnitPrice` decimal(10,0) NOT NULL,
  `TotalPrice` decimal(10,0) NOT NULL
) ENGINE=InnoDB DEFAULT CHARSET=utf8mb4 COLLATE=utf8mb4_general_ci;

--
-- Đang đổ dữ liệu cho bảng `orderdetails`
--

INSERT INTO `orderdetails` (`OrderID`, `ProductID`, `Quantity`, `UnitPrice`, `TotalPrice`) VALUES
(1, 45, 1, '220000', '220000'),
(2, 45, 1, '220000', '220000'),
(3, 44, 1, '180000', '180000'),
(4, 44, 1, '180000', '180000'),
(5, 42, 1, '250000', '250000'),
(6, 43, 1, '90000', '90000'),
(7, 40, 1, '200000', '200000'),
(8, 46, 2, '1500000', '3000000'),
(9, 41, 2, '400000', '800000'),
(9, 44, 6, '180000', '1080000'),
(9, 46, 16, '1500000', '24000000'),
(10, 40, 6, '200000', '1200000'),
(10, 43, 2, '90000', '180000'),
(11, 1, 1, '160000', '160000'),
(11, 2, 1, '85000', '85000'),
(11, 3, 1, '150000', '150000'),
(11, 6, 1, '100000', '100000'),
(11, 9, 1, '300000', '300000'),
(11, 16, 1, '300000', '300000'),
(11, 26, 1, '90000', '90000'),
(11, 28, 1, '110000', '110000'),
(12, 2, 1, '85000', '85000'),
(12, 9, 1, '300000', '300000'),
(12, 41, 1, '400000', '400000'),
(12, 43, 1, '90000', '90000'),
(12, 46, 1, '1500000', '1500000'),
(13, 46, 1, '1500000', '1500000'),
(13, 48, 1, '450000', '450000'),
(14, 1, 1, '160000', '160000'),
(14, 9, 1, '300000', '300000'),
(14, 12, 1, '200000', '200000'),
(15, 5, 1, '1950000', '1950000'),
(15, 13, 1, '500000', '500000'),
(15, 30, 1, '100000', '100000'),
(15, 33, 1, '250000', '250000'),
(16, 8, 2, '35000', '70000'),
(16, 14, 1, '220000', '220000'),
(16, 35, 1, '50000', '50000'),
(17, 29, 87, '140000', '12180000'),
(18, 46, 467, '1500000', '700500000'),
(19, 45, 246, '220000', '54120000'),
(19, 46, 696, '1500000', '1044000000'),
(20, 41, 1, '400000', '400000'),
(20, 42, 3, '250000', '750000'),
(21, 48, 5, '450000', '2250000'),
(22, 5, 8, '1950000', '15600000'),
(23, 40, 4, '200000', '800000'),
(24, 19, 3, '250000', '750000'),
(25, 48, 1, '450000', '450000'),
(26, 44, 1, '180000', '180000'),
(27, 41, 1, '400000', '400000'),
(28, 40, 1, '200000', '200000'),
(29, 43, 1, '90000', '90000'),
(30, 32, 3, '320000', '960000'),
(31, 45, 1, '220000', '220000'),
(32, 45, 3, '220000', '660000'),
(32, 46, 2, '1500000', '3000000'),
(33, 27, 4, '75000', '300000'),
(33, 28, 2, '110000', '220000'),
(34, 34, 7, '90000', '630000'),
(35, 16, 4, '300000', '1200000'),
(36, 11, 7, '1000000', '7000000'),
(37, 13, 6, '500000', '3000000'),
(37, 14, 4, '220000', '880000'),
(38, 40, 1, '200000', '200000'),
(38, 44, 3, '180000', '540000'),
(38, 45, 1, '220000', '220000'),
(38, 48, 1, '450000', '450000'),
(39, 44, 1, '180000', '180000'),
(39, 46, 2, '1500000', '3000000'),
(40, 41, 1, '400000', '400000'),
(40, 42, 1, '250000', '250000'),
(40, 43, 1, '90000', '90000'),
(40, 48, 1, '450000', '450000'),
(0, 48, 1, '244000', '244000'),
(0, 48, 1, '244000', '244000'),
(0, 48, 1, '244000', '244000'),
(0, 48, 1, '244000', '244000'),
(0, 48, 1, '244000', '244000'),
(0, 48, 1, '244000', '244000'),
(148, 48, 1, '244000', '244000'),
(149, 48, 1, '244000', '244000'),
(150, 48, 1, '244000', '244000'),
(151, 48, 1, '244000', '244000');

-- --------------------------------------------------------

--
-- Cấu trúc bảng cho bảng `orders`
--

CREATE TABLE `orders` (
  `OrderID` int(11) NOT NULL,
  `Username` varchar(255) NOT NULL,
  `Status` enum('execute','ship','success','fail','confirmed') NOT NULL DEFAULT 'execute',
  `PaymentMethod` enum('COD','Banking','MOMO') DEFAULT NULL,
  `CustomerName` varchar(255) DEFAULT NULL,
  `Phone` varchar(100) DEFAULT NULL,
  `Province` varchar(100) DEFAULT NULL,
  `District` varchar(100) DEFAULT NULL,
  `Ward` varchar(100) DEFAULT NULL,
  `DateGeneration` datetime DEFAULT current_timestamp(),
  `TotalAmount` decimal(10,0) DEFAULT NULL,
  `Address` varchar(255) DEFAULT NULL
) ENGINE=InnoDB DEFAULT CHARSET=utf8mb4 COLLATE=utf8mb4_general_ci;

--
-- Đang đổ dữ liệu cho bảng `orders`
--

INSERT INTO `orders` (`OrderID`, `Username`, `Status`, `PaymentMethod`, `CustomerName`, `Phone`, `Province`, `District`, `Ward`, `DateGeneration`, `TotalAmount`, `Address`) VALUES
(1, 'sangnp4', 'success', 'COD', 'sang nguyen', '0989898989', '2', '38', '709', '2025-05-01 15:54:37', '220000', '102 Đồng Khởi'),
(2, 'sangnp5', 'execute', 'COD', 'sang phuoc', '0989898989', '2', '38', '708', '2025-04-09 16:17:09', '220000', '155 Đồng Khởi'),
(3, 'sangnp5', 'fail', 'COD', 'sang phuoc', '0989898989', '2', '38', '708', '2025-05-10 16:17:17', '180000', '155 Đồng Khởi'),
(4, 'sangnp5', 'execute', 'COD', 'sang phuoc', '0989898989', '2', '38', '708', '2025-04-14 16:17:27', '180000', '155 Đồng Khởi'),
(5, 'sangnp5', 'execute', 'COD', 'sang phuoc', '0989898989', '2', '38', '708', '2025-05-10 16:17:37', '250000', '155 Đồng Khởi'),
(6, 'sangnp5', 'confirmed', 'COD', 'sang phuoc', '0989898989', '2', '38', '708', '2025-03-13 16:17:46', '90000', '155 Đồng Khởi'),
(7, 'sangnp5', 'execute', 'COD', 'sang phuoc', '0989898989', '2', '38', '708', '2025-05-14 16:17:53', '200000', '155 Đồng Khởi'),
(8, 'sangnp4', 'execute', 'COD', 'sang nguyen', '0989898989', '2', '38', '709', '2025-05-22 17:54:37', '3000000', '102 Đồng Khởi'),
(9, 'sangnp7', 'execute', 'COD', 'Sang Phước Nguyễn', '0989898989', '2', '39', '730', '2025-05-06 20:44:20', '25880000', '30/4 giải phóng miền Nam'),
(10, 'sangnp7', 'execute', 'COD', 'Sang Phước Nguyễn', '0989898989', '2', '39', '730', '2025-05-10 20:45:25', '1380000', '30/4 giải phóng miền Nam'),
(11, 'sangnp7', 'execute', 'COD', 'Sang Phước Nguyễn', '0989898989', '2', '39', '730', '2025-05-10 20:46:12', '1295000', '30/4 giải phóng miền Nam'),
(12, 'sangnp7', 'execute', 'Banking', 'Sang Phước Nguyễn', '0989898989', '2', '39', '730', '2025-05-10 20:46:47', '2375000', '30/4 giải phóng miền Nam'),
(13, 'sangnp7', 'confirmed', 'COD', 'Sang Phước Nguyễn', '0989898989', '2', '39', '730', '2025-05-10 20:47:36', '1950000', '30/4 giải phóng miền Nam'),
(14, 'sangnp7', 'execute', 'Banking', 'Sang Phước Nguyễn', '0989898989', '2', '39', '730', '2025-05-10 20:48:03', '660000', '30/4 giải phóng miền Nam'),
(15, 'sangnp7', 'confirmed', 'COD', 'Sang Phước Nguyễn', '0989898989', '2', '39', '730', '2025-03-20 20:48:42', '2800000', '30/4 giải phóng miền Nam'),
(16, 'sangnp7', 'confirmed', 'COD', 'Sang Phước Nguyễn', '0989898989', '2', '39', '730', '2025-05-13 20:49:34', '340000', '30/4 giải phóng miền Nam'),
(17, 'sangnp7', 'confirmed', 'Banking', 'Sang Phước Nguyễn', '0989898989', '2', '39', '730', '2025-04-02 20:50:13', '12180000', '30/4 giải phóng miền Nam'),
(18, 'sangnp7', 'success', 'COD', 'Sang Phước Nguyễn', '0989898989', '2', '39', '730', '2025-02-03 20:50:50', '700500000', '30/4 giải phóng miền Nam'),
(19, 'chuongghh', 'success', 'COD', 'Nguyễn Nguyên Chương', '0783740151', '61', '682', '10346', '2025-05-14 21:07:00', '1098120000', '10 tổ 1 ấp nội ô'),
(20, 'sangnp4', 'execute', 'COD', 'sang nguyen', '0989898989', '2', '38', '709', '2025-05-11 00:30:16', '1150000', '102 Đồng Khởi'),
(21, 'sangnp4', 'success', 'Banking', 'sang nguyen', '0989898989', '2', '38', '709', '2025-05-11 00:30:39', '2250000', '102 Đồng Khởi'),
(22, 'sangnp4', 'success', 'COD', 'sang nguyen', '0989898989', '2', '38', '709', '2025-05-11 00:31:01', '15600000', '102 Đồng Khởi'),
(23, 'sangnp4', 'success', 'COD', 'sang thông tin mới', '0999888888', '16', '177', '3025', '2025-04-15 00:31:39', '800000', 'sang 169'),
(24, 'sangnp4', 'success', 'COD', 'sang nguyen', '0989898989', '2', '38', '709', '2025-05-11 00:31:54', '750000', '102 Đồng Khởi'),
(25, 'sangnp9', 'success', 'COD', 'sang np', '0989898989', '2', '37', '691', '2025-05-11 00:33:12', '450000', '30/4 giải phóng miền Nam'),
(26, 'sangnp9', 'success', 'COD', 'sang np', '0989898989', '2', '37', '691', '2025-03-05 00:33:24', '180000', '30/4 giải phóng miền Nam'),
(27, 'sangnp9', 'success', 'Banking', 'sang np', '0989898989', '2', '37', '691', '2025-01-01 00:33:43', '400000', '30/4 giải phóng miền Nam'),
(28, 'sangnp9', 'confirmed', 'Banking', 'sang np', '0989898989', '2', '37', '691', '2025-05-11 00:33:56', '200000', '30/4 giải phóng miền Nam'),
(29, 'sangnp9', 'confirmed', 'COD', 'sang np', '0989898989', '2', '37', '691', '2025-05-11 00:34:16', '90000', '30/4 giải phóng miền Nam'),
(30, 'sangnp4', 'fail', 'COD', 'sang phuoc', '0999888888', '15', '164', '2792', '2025-05-11 00:37:15', '960000', 'sang 1236'),
(31, 'sangnp9', 'fail', 'Banking', 'sang np', '0989898989', '2', '37', '691', '2025-01-08 00:43:41', '220000', '30/4 giải phóng miền Nam'),
(32, 'sangnp9', 'fail', 'COD', 'Nguyễn gia thiệu', '0865272999', '7', '84', '1442', '2025-03-31 00:44:48', '3660000', '8 phab huy ích'),
(33, 'sangnp8', 'fail', 'COD', 'sang phước nguyễn', '0989898989', '2', '39', '731', '2025-04-07 00:46:06', '520000', '30/4 giải phóng miền Nam'),
(34, 'sangnp8', 'fail', 'COD', 'sang Nguyễn', '0999887654', '4', '56', '981', '2025-05-11 00:47:03', '630000', '1234 aaaa'),
(35, 'sangnp8', 'confirmed', 'Banking', 'sang phước nguyễn', '0989898989', '2', '39', '731', '2025-05-11 00:47:28', '1200000', '30/4 giải phóng miền Nam'),
(36, 'sangnp8', 'confirmed', 'COD', 'sang phước nguyễn', '0989898989', '2', '39', '731', '2025-05-05 00:47:43', '7000000', '30/4 giải phóng miền Nam'),
(37, 'sangnp8', 'confirmed', 'COD', 'sang phước nguyễn', '0989898989', '2', '39', '731', '2025-05-11 00:48:10', '3880000', '30/4 giải phóng miền Nam'),
(38, 'sangnp6', 'confirmed', 'Banking', 'sang', '0989888898', '16', '180', '3079', '2025-05-11 01:02:47', '1410000', '12 sang'),
(39, 'sangnp6', 'success', 'COD', 'sang', '0989888898', '16', '180', '3079', '2025-05-20 01:04:54', '3180000', '12 sang'),
(40, 'sangnp6', 'success', 'COD', 'sang', '0989888898', '16', '180', '3079', '2025-05-11 01:05:37', '1190000', '12 sang'),
(101, 'emduy', 'fail', 'Banking', 'duy', '0932716519', '56', '634', '634', '2026-03-26 14:11:46', '244000', '1'),
(102, 'emduy', 'fail', 'COD', 'duy', '0932716519', '56', '634', '634', '2026-03-26 15:05:43', '244000', '1'),
(103, 'emduy', 'fail', 'COD', 'duy', '0932716519', '56', '634', '634', '2026-03-26 15:12:35', '244000', '1'),
(104, 'emduy', 'fail', 'COD', 'duy', '0932716519', '56', '634', '634', '2026-03-26 15:16:21', '244000', '1'),
(105, 'emduy', 'execute', 'COD', 'duy', '0932716519', '56', '634', '634', '2026-03-26 15:20:58', '244000', '1'),
(106, 'emduy', 'execute', 'COD', 'duy', '0932716519', '56', '634', '634', '2026-03-26 15:21:59', '244000', '1'),
(148, 'emduy', 'confirmed', 'COD', 'duy', '0932716519', '56', '634', '634', '2026-03-26 15:36:10', '244000', '1'),
(149, 'emduy', 'fail', 'COD', 'duy', '0932716519', '56', '634', '634', '2026-03-29 17:27:56', '244000', '1'),
(150, 'emduy', 'execute', 'COD', 'duy', '0932716519', '56', '634', '634', '2026-03-31 07:23:20', '244000', '1'),
(151, 'emduy', 'ship', 'COD', 'duy', '0932716519', '56', '634', '634', '2026-04-07 04:03:10', '244000', '1');

-- --------------------------------------------------------

--
-- Cấu trúc bảng cho bảng `products`
--

CREATE TABLE `products` (
  `ProductID` int(11) NOT NULL,
  `ProductName` varchar(255) NOT NULL,
  `CategoryID` int(11) NOT NULL,
  `Price` decimal(10,0) NOT NULL DEFAULT 0,
  `Description` mediumtext NOT NULL,
  `ImageURL` varchar(255) NOT NULL,
  `Status` enum('hidden','appear') NOT NULL DEFAULT 'appear',
  `StockQuantity` int(11) DEFAULT 0,
  `AvgImportPrice` decimal(15,2) DEFAULT 0.00,
  `ProfitMargin` decimal(5,2) DEFAULT 0.20,
  `MinStockLevel` int(11) DEFAULT 5
) ENGINE=InnoDB DEFAULT CHARSET=utf8mb4 COLLATE=utf8mb4_general_ci;

--
-- Đang đổ dữ liệu cho bảng `products`
--

INSERT INTO `products` (`ProductID`, `ProductName`, `CategoryID`, `Price`, `Description`, `ImageURL`, `Status`, `StockQuantity`, `AvgImportPrice`, `ProfitMargin`, `MinStockLevel`) VALUES
(1, 'Cây thường xuân', 2, '0', 'Cây thường xuân là loại cây leo dễ chăm sóc, phù hợp trang trí trong nhà hoặc sân vườn. Với lá xanh mướt, cây giúp thanh lọc không khí, mang lại không gian tươi mát. Thích hợp với ánh sáng gián tiếp và đất ẩm vừa phải, cây thường xuân là lựa chọn lý tưởng cho người mới bắt đầu trồng cây.', '/assets/images/CAY1.jpg', 'appear', 10, '100000.00', '0.20', 5),
(2, 'Cây lá sọc dưa hấu', 2, '0', 'Cây lá sọc dưa hấu nổi bật với lá có họa tiết giống vỏ dưa hấu, mang lại vẻ đẹp độc đáo. Cây ưa sáng nhẹ, dễ trồng trong chậu nhỏ để bàn hoặc treo trang trí. Đất cần thoát nước tốt và tưới nước vừa phải để cây phát triển khỏe mạnh.', '/assets/images/CAY2.jpg', 'appear', 10, '300000.00', '0.20', 5),
(3, 'Cây cẩm nhung', 4, '0', 'Cây cẩm nhung có lá mềm mại, màu sắc rực rỡ như hồng, xanh, tím, rất được yêu thích làm cây cảnh để bàn. Cây ưa ánh sáng gián tiếp và đất tơi xốp. Tưới nước đều đặn, tránh ngập úng để giữ cây luôn tươi tốt, là điểm nhấn cho không gian sống.', '/assets/images/CAY3.jpg', 'appear', 10, '300000.00', '0.20', 5),
(4, 'Cây lan ý', 1, '0', 'Cây lan ý nổi tiếng với khả năng thanh lọc không khí và hoa trắng thanh lịch. Cây phù hợp với môi trường trong nhà, ưa bóng râm và đất ẩm. Đây là lựa chọn tuyệt vời cho văn phòng hoặc phòng khách, mang lại cảm giác yên bình và tươi mới.', '/assets/images/CAY4.jpg', 'appear', 10, '600000.00', '0.20', 5),
(5, 'Cây phát tài núi', 1, '0', 'Cây phát tài núi có dáng cao, lá xanh bóng, tượng trưng cho tài lộc và thịnh vượng. Cây thích hợp đặt ở phòng khách hoặc văn phòng lớn, ưa sáng nhẹ và đất thoát nước tốt. Dù giá cao, cây dễ chăm sóc và mang lại giá trị phong thủy cao.', '/assets/images/CAY5.jpg', 'appear', 10, '500000.00', '0.20', 5),
(6, 'Cây kim ngân', 4, '0', 'Cây kim ngân với thân đan xen độc đáo, tượng trưng cho tài lộc. Lá xanh mướt, cây dễ trồng trong chậu nhỏ, phù hợp để bàn làm việc hoặc góc phòng. Cây ưa sáng gián tiếp, tưới nước vừa phải, là món quà ý nghĩa cho gia đình và bạn bè.', '/assets/images/CAY6.jpg', 'appear', 10, '300000.00', '0.20', 5),
(7, 'Trầu bà lá xanh', 1, '0', 'Trầu bà lá xanh là cây leo dễ trồng, có lá hình tim mềm mại, giúp thanh lọc không khí hiệu quả. Cây phù hợp treo hoặc đặt trên kệ, ưa bóng râm và đất ẩm. Đây là lựa chọn phổ biến cho không gian sống hiện đại, dễ chăm sóc.', '/assets/images/CAY7.jpg', 'appear', 0, '0.00', '0.20', 5),
(8, 'Cây dây nhện', 3, '0', 'Cây dây nhện có lá dài, màu xanh trắng, dễ trồng và sinh trưởng nhanh. Cây giúp lọc không khí, phù hợp treo trong nhà hoặc văn phòng. Chỉ cần ánh sáng nhẹ và tưới nước đều đặn, cây dây nhện là lựa chọn tiết kiệm cho người bận rộn.', '/assets/images/CAY8.jpg', 'appear', 10, '200000.00', '0.20', 5),
(9, 'Cây trầu bà đỏ', 2, '0', 'Cây trầu bà đỏ nổi bật với lá màu đỏ đậm, mang lại vẻ đẹp sang trọng. Cây ưa sáng gián tiếp, thích hợp trang trí trong nhà hoặc văn phòng. Tưới nước vừa phải và đất tơi xốp sẽ giúp cây phát triển tốt, tạo điểm nhấn cho không gian.', '/assets/images/CAY9.jpg', 'appear', 10, '200000.00', '0.20', 5),
(10, 'Lưỡi hổ vàng', 3, '0', 'Lưỡi hổ vàng có lá dài, viền vàng tươi, mang ý nghĩa phong thủy bảo vệ và thịnh vượng. Cây dễ chăm sóc, chịu được điều kiện khô hạn, thích hợp cho người mới trồng. Đặt cây ở góc phòng hoặc lối vào để tăng thẩm mỹ.', '/assets/images/CAY10.jpg', 'appear', 0, '0.00', '0.20', 5),
(11, 'Cây Thiết Mộc Lan', 1, '0', 'Cây Thiết Mộc Lan cao lớn, lá xanh bóng, mang ý nghĩa tài lộc và may mắn. Thích hợp đặt ở phòng khách hoặc văn phòng, cây ưa sáng nhẹ và đất thoát nước tốt. Dù giá cao, cây dễ chăm sóc và có giá trị trang trí lâu dài.', '/assets/images/CAY11.jpg', 'appear', 10, '200000.00', '0.20', 5),
(12, 'Cây trầu bà vàng', 2, '0', 'Cây trầu bà vàng có lá màu vàng xanh bắt mắt, dễ trồng và chăm sóc. Cây phù hợp treo hoặc đặt trên kệ, ưa bóng râm và đất ẩm. Đây là lựa chọn lý tưởng để làm sáng không gian sống, mang lại cảm giác tươi mới.', '/assets/images/CAY12.jpg', 'appear', 10, '200000.00', '0.20', 5),
(13, 'Thiết mộc lan sọc vàng', 3, '0', 'Thiết mộc lan sọc vàng có lá dài, viền vàng nổi bật, mang ý nghĩa phong thủy tốt. Cây thích hợp cho không gian rộng, ưa sáng nhẹ và đất tơi xốp. Dễ chăm sóc, cây là lựa chọn tuyệt vời để tăng tính thẩm mỹ và năng lượng tích cực.', '/assets/images/CAY13.jpg', 'appear', 0, '0.00', '0.20', 5),
(14, 'Cây lưỡi hổ xanh', 3, '0', 'Cây lưỡi hổ xanh có lá cứng cáp, màu xanh đậm, dễ trồng và chịu hạn tốt. Cây giúp lọc không khí, phù hợp đặt ở góc phòng hoặc ban công. Với mức chăm sóc tối thiểu, cây là lựa chọn lý tưởng cho người bận rộn.', '/assets/images/CAY14.jpg', 'appear', 10, '900000.00', '0.20', 5),
(16, 'Vạn lộc đỏ', 4, '0', 'Vạn lộc đỏ có lá màu đỏ hồng rực rỡ, tượng trưng cho may mắn và tài lộc. Cây ưa sáng gián tiếp, thích hợp để bàn hoặc góc phòng. Tưới nước đều đặn và đất tơi xốp sẽ giúp cây phát triển tốt, làm đẹp không gian sống.', '/assets/images/CAY16.jpg', 'appear', 0, '0.00', '0.20', 5),
(17, 'Cây tróc bạc', 2, '0', 'Cây tróc bạc có lá xanh với đốm bạc độc đáo, mang lại vẻ đẹp hiện đại. Cây ưa bóng râm, dễ trồng trong chậu nhỏ để bàn. Tưới nước vừa phải, tránh ngập úng để cây luôn tươi tốt, là điểm nhấn cho không gian văn phòng.', '/assets/images/CAY17.jpg', 'appear', 10, '700000.00', '0.20', 5),
(18, 'Lưỡi hổ búp sen', 3, '0', 'Lưỡi hổ búp sen có lá xếp hình hoa sen độc đáo, dễ chăm sóc và chịu hạn tốt. Cây phù hợp đặt ở bàn làm việc hoặc góc nhỏ, giúp lọc không khí. Với giá rẻ, cây là lựa chọn tuyệt vời cho người yêu cây cảnh.', '/assets/images/CAY18.jpg', 'appear', 0, '0.00', '0.20', 5),
(19, 'Cây Pachira aquatica', 4, '0', 'Cây Pachira aquatica, hay còn gọi là cây tiền, có thân đan xen và lá xanh bóng, mang ý nghĩa tài lộc. Cây ưa sáng nhẹ, dễ trồng trong chậu để bàn. Tưới nước vừa phải, cây là món quà ý nghĩa cho dịp đặc biệt.', '/assets/images/CAY19.jpg', 'appear', 10, '800000.00', '0.20', 5),
(20, 'Cây môn Hồng', 4, '0', 'Cây môn Hồng có lá màu hồng phấn độc đáo, mang lại vẻ đẹp dịu dàng. Cây ưa sáng gián tiếp, thích hợp để bàn hoặc góc phòng. Đất cần thoát nước tốt và tưới nước đều đặn để cây phát triển khỏe mạnh, làm đẹp không gian.', '/assets/images/CAY20.jpg', 'appear', 10, '200000.00', '0.20', 5),
(22, 'Cây trúc Nhật', 1, '240000', 'Cây trúc Nhật có dáng thanh mảnh, lá xanh mướt, mang lại cảm giác yên bình. Cây phù hợp đặt ở phòng khách hoặc ban công, ưa sáng nhẹ và đất ẩm. Dễ chăm sóc, cây là lựa chọn tuyệt vời để tăng tính thẩm mỹ cho không gian.', '/assets/images/CAY22.jpg', 'appear', 10, '200000.00', '20.00', 5),
(23, 'Cây cọ Nhật', 1, '0', 'Cây cọ Nhật có lá xòe rộng, màu xanh đậm, mang lại vẻ đẹp nhiệt đới. Cây thích hợp cho không gian lớn, ưa sáng nhẹ và đất tơi xốp. Dù giá cao, cây dễ chăm sóc và tạo điểm nhấn sang trọng cho phòng khách.', '/assets/images/CAY23.jpg', 'appear', 0, '0.00', '0.20', 5),
(24, 'Cây kim tiền', 1, '0', 'Cây kim tiền có lá dày, xanh bóng, tượng trưng cho tài lộc và thịnh vượng. Cây dễ trồng, chịu hạn tốt, phù hợp đặt ở phòng khách hoặc văn phòng. Tưới nước vừa phải, cây là lựa chọn phổ biến cho người yêu cây cảnh.', '/assets/images/CAY24.jpg', 'appear', 0, '0.00', '0.20', 5),
(25, 'Cây ngọc ngân', 1, '0', 'Cây ngọc ngân có lá xanh với đốm trắng, mang lại vẻ đẹp thanh lịch. Cây ưa bóng râm, dễ trồng trong chậu để bàn hoặc góc phòng. Tưới nước đều đặn, cây là lựa chọn lý tưởng để làm sáng không gian sống hiện đại.', '/assets/images/CAY25.jpg', 'appear', 0, '0.00', '0.20', 5),
(26, 'Cây rong la hán', 2, '0', 'Cây rong la hán là cây thủy sinh dễ trồng, phù hợp cho bể cá hoặc chậu thủy tinh. Cây giúp làm sạch nước, ưa sáng nhẹ và không cần chăm sóc phức tạp. Đây là lựa chọn tuyệt vời cho người yêu thích cây cảnh thủy sinh.', '/assets/images/CAY26.jpg', 'appear', 0, '0.00', '0.20', 5),
(27, 'Cây bèo Nhật', 2, '0', 'Cây bèo Nhật là cây thủy sinh nhỏ gọn, nổi trên mặt nước, tạo vẻ đẹp tự nhiên cho bể cá. Cây dễ chăm sóc, ưa sáng nhẹ và không cần đất. Với giá rẻ, cây là lựa chọn lý tưởng để làm đẹp không gian thủy sinh.', '/assets/images/CAY27.jpg', 'hidden', 0, '0.00', '0.20', 5),
(28, 'Cây dương xỉ nước', 2, '0', 'Cây dương xỉ nước là cây thủy sinh có lá mềm mại, mang lại vẻ đẹp dịu dàng cho bể cá. Cây ưa sáng nhẹ, cần chăm sóc kỹ hơn để phát triển tốt. Đây là lựa chọn cho người yêu thích tạo cảnh quan thủy sinh độc đáo.', '/assets/images/CAY28.jpg', 'hidden', 0, '0.00', '0.20', 5),
(29, 'Cây thủy sinh cỏ thìa', 2, '0', 'Cây thủy sinh cỏ thìa có lá nhỏ, mọc thành thảm, tạo cảnh quan đẹp cho bể cá. Cây ưa sáng vừa phải, dễ trồng và chăm sóc. Đây là lựa chọn phổ biến để làm nền cho bể thủy sinh, mang lại vẻ đẹp tự nhiên.', '/assets/images/CAY29.jpg', 'appear', 0, '0.00', '0.20', 5),
(30, 'Cây thủy cúc', 2, '0', 'Cây thủy cúc có lá mảnh, màu xanh tươi, là cây thủy sinh dễ trồng. Cây giúp làm sạch nước, phù hợp cho bể cá hoặc chậu thủy tinh. Chỉ cần ánh sáng nhẹ và chăm sóc tối thiểu, cây tạo điểm nhấn cho không gian.', '/assets/images/CAY30.jpg', 'appear', 0, '0.00', '0.20', 5),
(31, 'Cây cau tiểu trâm', 3, '0', 'Cây cau tiểu trâm có dáng nhỏ gọn, lá xanh mướt, phù hợp để bàn hoặc góc phòng. Cây ưa sáng gián tiếp, dễ chăm sóc và chịu hạn tốt. Với giá phải chăng, cây là lựa chọn lý tưởng để làm đẹp không gian sống.', '/assets/images/CAY31.jpg', 'hidden', 0, '0.00', '0.20', 5),
(32, 'Cây phú quý', 3, '0', 'Cây phú quý có lá màu đỏ và xanh, tượng trưng cho may mắn và thịnh vượng. Cây ưa sáng nhẹ, dễ trồng trong chậu nhỏ để bàn. Tưới nước đều đặn, cây là lựa chọn tuyệt vời để làm sáng không gian văn phòng.', '/assets/images/CAY32.jpg', 'appear', 0, '0.00', '0.20', 5),
(33, 'Cây vạn niên thanh', 3, '0', 'Cây vạn niên thanh có lá xanh bóng, mang lại vẻ đẹp thanh lịch và ý nghĩa trường tồn. Cây ưa bóng râm, dễ chăm sóc, phù hợp đặt ở phòng khách. Tưới nước vừa phải, cây là lựa chọn phổ biến cho không gian sống.', '/assets/images/CAY33.jpg', 'appear', 0, '0.00', '0.20', 5),
(34, 'Cây sen đá', 3, '0', 'Cây sen đá có lá mọng nước, xếp thành hoa sen độc đáo, dễ chăm sóc và chịu hạn tốt. Cây phù hợp đặt ở bàn làm việc hoặc ban công, ưa sáng nhẹ. Với giá rẻ, cây là lựa chọn yêu thích của người yêu cây cảnh.', '/assets/images/CAY34.jpg', 'appear', 0, '0.00', '0.20', 5),
(35, 'Cây cỏ lan chi', 3, '0', 'Cây cỏ lan chi có lá mảnh, màu xanh trắng, mang lại vẻ đẹp dịu dàng. Cây dễ trồng, chịu hạn tốt, phù hợp treo hoặc đặt trên kệ. Tưới nước vừa phải, cây là lựa chọn tiết kiệm cho người bận rộn.', '/assets/images/CAY35.jpg', 'appear', 0, '0.00', '0.20', 5),
(36, 'Cây bonsai sam hương', 4, '0', 'Cây bonsai sam hương có dáng nhỏ gọn, lá xanh đậm, mang vẻ đẹp cổ điển. Cây cần chăm sóc kỹ, ưa sáng nhẹ và đất thoát nước tốt. Dù khó trồng, cây là lựa chọn sang trọng cho người yêu nghệ thuật bonsai.', '/assets/images/CAY36.jpg', 'hidden', 0, '0.00', '0.20', 5),
(37, 'Cây bạch mã hoàng tử', 4, '0', 'Cây bạch mã hoàng tử có lá xanh với gân trắng, mang lại vẻ đẹp thanh lịch. Cây ưa sáng gián tiếp, dễ trồng trong chậu để bàn. Tưới nước đều đặn, cây là lựa chọn tuyệt vời để làm đẹp không gian văn phòng.', '/assets/images/CAY37.jpg', 'hidden', 0, '0.00', '0.20', 5),
(38, 'Cây hạnh phúc mini', 4, '0', 'Cây hạnh phúc mini có lá xanh bóng, mang ý nghĩa bình an và thịnh vượng. Cây dễ chăm sóc, ưa sáng nhẹ, phù hợp đặt ở phòng khách. Tưới nước vừa phải, cây là món quà ý nghĩa cho gia đình và bạn bè.', '/assets/images/CAY38.jpg', 'appear', 0, '0.00', '0.20', 5),
(39, 'Cây tùng bồng lai', 4, '0', 'Cây tùng bồng lai có lá mềm mại, dáng nhỏ gọn, mang vẻ đẹp cổ điển. Cây cần chăm sóc kỹ, ưa sáng nhẹ và đất tơi xốp. Dù khó trồng, cây là lựa chọn sang trọng cho không gian sống hoặc văn phòng.', '/assets/images/CAY39.jpg', 'appear', 0, '0.00', '0.20', 5),
(40, 'Cây trường sinh', 4, '0', 'Cây trường sinh có lá mọng nước, xếp tầng độc đáo, mang ý nghĩa bền vững. Cây dễ chăm sóc, chịu hạn tốt, phù hợp đặt ở bàn làm việc. Tưới nước vừa phải, cây là lựa chọn lý tưởng cho người yêu cây cảnh.', '/assets/images/CAY40.jpg', 'appear', 0, '0.00', '0.20', 5),
(41, 'Cây bàng Singapore', 1, '0', 'Cây bàng Singapore có lá to, xanh bóng, mang lại vẻ đẹp hiện đại. Cây thích hợp cho không gian rộng, ưa sáng nhẹ và đất thoát nước tốt. Dễ chăm sóc, cây là lựa chọn tuyệt vời để làm đẹp phòng khách hoặc văn phòng.', '/assets/images/CAY41.jpg', 'appear', 0, '0.00', '0.20', 5),
(42, 'Cây ngũ gia bì', 1, '0', 'Cây Ngũ Gia Bì, hay còn gọi là Xuyên Gia Bì, có lá kép chân chim, màu xanh đậm, mang ý nghĩa phong thủy tài lộc và hòa thuận gia đình. Cây giúp thanh lọc không khí, xua đuổi muỗi nhờ tinh dầu thơm. Thích hợp đặt ở phòng khách, văn phòng hoặc bàn làm việc, cây ưa sáng gián tiếp, đất tơi xốp, tưới nước 2-3 lần/tuần. Dễ chăm sóc, cây là lựa chọn tuyệt vời cho người yêu cây cảnh, mang lại không gian xanh mát và may mắn.', '/assets/images/CAY42.jpg', 'appear', 0, '0.00', '0.20', 5),
(43, 'Cây đuôi công', 2, '0', 'Cây đuôi công nổi bật với lá có họa tiết sọc xanh trắng, giống đuôi chim công, mang lại vẻ đẹp độc đáo. Cây ưa sáng nhẹ, dễ trồng trong chậu nhỏ để bàn hoặc treo trang trí. Đất cần thoát nước tốt, tưới nước vừa phải 2 lần/tuần để cây xanh tươi. Phù hợp cho văn phòng hoặc không gian nhỏ, cây giúp làm sáng không gian và mang lại cảm giác thư giãn.', '/assets/images/CAY43.jpg', 'appear', 0, '0.00', '0.20', 5),
(44, 'Cây huyết phất dụ', 4, '0', 'Cây huyết phất dụ nổi bật với lá dài, màu đỏ rực rỡ xen kẽ xanh, mang ý nghĩa phong thủy may mắn và tài lộc. Cây dễ chăm sóc, ưa sáng gián tiếp và đất tơi xốp, phù hợp để bàn làm việc, phòng khách hoặc góc văn phòng. Tưới nước 2-3 lần/tuần, giữ đất ẩm nhưng tránh ngập úng để cây phát triển khỏe mạnh. Cây giúp làm đẹp không gian, tạo cảm giác tươi mới và năng lượng tích cực. Là lựa chọn lý tưởng cho người yêu cây cảnh, Cây huyết phất dụ mang lại sự sang trọng và phong cách cho không gian sống hiện đại.', '/assets/images/CAY44.jpg', 'appear', 0, '0.00', '0.20', 5),
(45, 'Cây đại phú gia', 1, '0', 'Cây đại phú gia có lá xanh đậm, dáng cao, mang ý nghĩa phong thủy thịnh vượng và giàu sang. Cây ưa bóng râm, dễ chăm sóc, phù hợp đặt ở phòng khách hoặc văn phòng. Đất cần ẩm vừa phải, tưới nước 2 lần/tuần. Cây giúp thanh lọc không khí, tạo không gian trong lành, là lựa chọn lý tưởng cho không gian sống hiện đại và sang trọng.', '/assets/images/CAY45.jpg', 'appear', 0, '0.00', '0.20', 5),
(46, 'Cây cau Hawaii', 1, '0', 'Cây cau Hawaii có lá xòe rộng, màu xanh bóng, mang vẻ đẹp nhiệt đới và ý nghĩa tài lộc. Cây thích hợp cho không gian lớn, ưa sáng nhẹ và đất thoát nước tốt. Tưới nước 2-3 lần/tuần, cây dễ chăm sóc và tạo điểm nhấn sang trọng cho phòng khách. Là lựa chọn tuyệt vời cho người yêu cây cảnh, mang lại không gian xanh mát.', '/assets/images/CAY46.jpg', 'appear', 0, '0.00', '0.20', 5),
(47, 'Cây hồng môn', 2, '0', 'Cây hồng môn có lá xanh bóng và hoa đỏ rực rỡ, mang ý nghĩa may mắn và hạnh phúc. Cây dễ chăm sóc, ưa sáng gián tiếp và đất tơi xốp, phù hợp trang trí phòng khách hoặc văn phòng. Tưới nước 2-3 lần/tuần, tránh ngập úng để cây phát triển khỏe mạnh. Cây giúp thanh lọc không khí, tạo không gian tươi mới và sang trọng, là lựa chọn lý tưởng cho người yêu cây cảnh.', '/assets/images/CAY47.jpg', 'hidden', 0, '0.00', '0.20', 5),
(48, 'Cây chuối rẻ quạt', 1, '244000', 'Cây chuối rẻ quạt có lá to, xanh đậm, mang vẻ đẹp nhiệt đới và ý nghĩa phong thủy bình an. Cây ưa sáng gián tiếp, đất tơi xốp, phù hợp đặt ở phòng khách hoặc văn phòng. Tưới nước 2-3 lần/tuần, cây dễ chăm sóc và giúp thanh lọc không khí. Là lựa chọn lý tưởng để làm đẹp không gian sống, mang lại sự tươi mới và thư giãn.', '/assets/images/CAY48.jpg', 'appear', 14, '203333.33', '20.00', 5);

-- --------------------------------------------------------

--
-- Cấu trúc bảng cho bảng `province`
--

CREATE TABLE `province` (
  `province_id` int(11) NOT NULL,
  `name` varchar(64) NOT NULL
) ENGINE=MyISAM DEFAULT CHARSET=utf8mb4 COLLATE=utf8mb4_general_ci COMMENT='Tỉnh thành';

--
-- Đang đổ dữ liệu cho bảng `province`
--

INSERT INTO `province` (`province_id`, `name`) VALUES
(1, ' Hà Nội'),
(2, ' Hà Giang'),
(3, ' Cao Bằng'),
(4, ' Bắc Kạn'),
(5, ' Tuyên Quang'),
(6, ' Lào Cai'),
(7, ' Điện Biên'),
(8, ' Lai Châu'),
(9, ' Sơn La'),
(10, ' Yên Bái'),
(11, ' Hoà Bình'),
(12, ' Thái Nguyên'),
(13, ' Lạng Sơn'),
(14, ' Quảng Ninh'),
(15, ' Bắc Giang'),
(16, ' Phú Thọ'),
(17, ' Vĩnh Phúc'),
(18, ' Bắc Ninh'),
(19, ' Hải Dương'),
(20, ' Hải Phòng'),
(21, ' Hưng Yên'),
(22, ' Thái Bình'),
(23, ' Hà Nam'),
(24, ' Nam Định'),
(25, ' Ninh Bình'),
(26, ' Thanh Hóa'),
(27, ' Nghệ An'),
(28, ' Hà Tĩnh'),
(29, ' Quảng Bình'),
(30, ' Quảng Trị'),
(31, ' Thừa Thiên Huế'),
(32, ' Đà Nẵng'),
(33, ' Quảng Nam'),
(34, ' Quảng Ngãi'),
(35, ' Bình Định'),
(36, ' Phú Yên'),
(37, ' Khánh Hòa'),
(38, ' Ninh Thuận'),
(39, ' Bình Thuận'),
(40, ' Kon Tum'),
(41, ' Gia Lai'),
(42, ' Đắk Lắk'),
(43, ' Đắk Nông'),
(44, ' Lâm Đồng'),
(45, ' Bình Phước'),
(46, ' Tây Ninh'),
(47, ' Bình Dương'),
(48, ' Đồng Nai'),
(49, ' Bà Rịa - Vũng Tàu'),
(50, ' Hồ Chí Minh'),
(51, ' Long An'),
(52, ' Tiền Giang'),
(53, ' Bến Tre'),
(54, ' Trà Vinh'),
(55, ' Vĩnh Long'),
(56, ' Đồng Tháp'),
(57, ' An Giang'),
(58, ' Kiên Giang'),
(59, ' Cần Thơ'),
(60, ' Hậu Giang'),
(61, ' Sóc Trăng'),
(62, ' Bạc Liêu'),
(63, ' Cà Mau');

-- --------------------------------------------------------

--
-- Cấu trúc bảng cho bảng `users`
--

CREATE TABLE `users` (
  `Username` varchar(255) NOT NULL,
  `FullName` varchar(255) NOT NULL,
  `Email` varchar(255) DEFAULT NULL,
  `PasswordHash` varchar(255) NOT NULL,
  `Address` varchar(255) NOT NULL,
  `Province` varchar(255) NOT NULL,
  `District` varchar(255) NOT NULL,
  `Ward` varchar(255) NOT NULL,
  `Role` enum('customer','admin') NOT NULL DEFAULT 'customer',
  `Phone` varchar(100) NOT NULL,
  `Status` enum('Active','Block') NOT NULL DEFAULT 'Active'
) ENGINE=InnoDB DEFAULT CHARSET=utf8mb4 COLLATE=utf8mb4_general_ci;

--
-- Đang đổ dữ liệu cho bảng `users`
--

INSERT INTO `users` (`Username`, `FullName`, `Email`, `PasswordHash`, `Address`, `Province`, `District`, `Ward`, `Role`, `Phone`, `Status`) VALUES
('admin', 'Administrator', 'admin@gmail.com', '$2y$10$n9b/aUkVR6A3swyGvLbYu.DigJaT/Hs2Ck/CFaO43v/FWRAoSZfk.', '123', '56', '634', '634', 'admin', '0932716519', 'Active'),
('emduy', 'duy', 'duyvo19102005@gmail.com', '$2y$10$kBcsDCDjcXl5/DqpEEb5nOE.4pQvjUwtvwvOptkZWpSDTVPZp/UnC', '1', '56', '634', '634', 'customer', '0932716519', 'Active'),
('emkhoa', 'nguyen dang khoa', 'khoa678ntn@gmail.com', '$2y$10$ws6wGmegQ07Hcu225kCpcuWDBiVBGTkw4Vnbb8ubqQq3ayF.FU1Y.', 'q8 hcm ', '50', '564', '564', 'customer', '0908748407', 'Active');

-- --------------------------------------------------------

--
-- Cấu trúc bảng cho bảng `wards`
--

CREATE TABLE `wards` (
  `wards_id` int(11) NOT NULL,
  `name` varchar(255) NOT NULL,
  `district_id` int(11) NOT NULL
) ENGINE=InnoDB DEFAULT CHARSET=utf8mb4 COLLATE=utf8mb4_general_ci;

--
-- Đang đổ dữ liệu cho bảng `wards`
--

INSERT INTO `wards` (`wards_id`, `name`, `district_id`) VALUES
(1, 'Xã 1', 1),
(2, 'Xã 2', 2),
(3, 'Xã 3', 3),
(4, 'Xã 4', 4),
(5, 'Xã 5', 5),
(6, 'Xã 6', 6),
(7, 'Xã 7', 7),
(8, 'Xã 8', 8),
(9, 'Xã 9', 9),
(10, 'Xã 10', 10),
(11, 'Xã 11', 11),
(12, 'Xã 12', 12),
(13, 'Xã 13', 13),
(14, 'Xã 14', 14),
(15, 'Xã 15', 15),
(16, 'Xã 16', 16),
(17, 'Xã 17', 17),
(18, 'Xã 18', 18),
(19, 'Xã 19', 19),
(20, 'Xã 20', 20),
(21, 'Xã 21', 21),
(22, 'Xã 22', 22),
(23, 'Xã 23', 23),
(24, 'Xã 24', 24),
(25, 'Xã 25', 25),
(26, 'Xã 26', 26),
(27, 'Xã 27', 27),
(28, 'Xã 28', 28),
(29, 'Xã 29', 29),
(30, 'Xã 30', 30),
(31, 'Xã 31', 31),
(32, 'Xã 32', 32),
(33, 'Xã 33', 33),
(34, 'Xã 34', 34),
(35, 'Xã 35', 35),
(36, 'Xã 36', 36),
(37, 'Xã 37', 37),
(38, 'Xã 38', 38),
(39, 'Xã 39', 39),
(40, 'Xã 40', 40),
(41, 'Xã 41', 41),
(42, 'Xã 42', 42),
(43, 'Xã 43', 43),
(44, 'Xã 44', 44),
(45, 'Xã 45', 45),
(46, 'Xã 46', 46),
(47, 'Xã 47', 47),
(48, 'Xã 48', 48),
(49, 'Xã 49', 49),
(50, 'Xã 50', 50),
(51, 'Xã 51', 51),
(52, 'Xã 52', 52),
(53, 'Xã 53', 53),
(54, 'Xã 54', 54),
(55, 'Xã 55', 55),
(56, 'Xã 56', 56),
(57, 'Xã 57', 57),
(58, 'Xã 58', 58),
(59, 'Xã 59', 59),
(60, 'Xã 60', 60),
(61, 'Xã 61', 61),
(62, 'Xã 62', 62),
(63, 'Xã 63', 63),
(64, 'Xã 64', 64),
(65, 'Xã 65', 65),
(66, 'Xã 66', 66),
(67, 'Xã 67', 67),
(68, 'Xã 68', 68),
(69, 'Xã 69', 69),
(70, 'Xã 70', 70),
(71, 'Xã 71', 71),
(72, 'Xã 72', 72),
(73, 'Xã 73', 73),
(74, 'Xã 74', 74),
(75, 'Xã 75', 75),
(76, 'Xã 76', 76),
(77, 'Xã 77', 77),
(78, 'Xã 78', 78),
(79, 'Xã 79', 79),
(80, 'Xã 80', 80),
(81, 'Xã 81', 81),
(82, 'Xã 82', 82),
(83, 'Xã 83', 83),
(84, 'Xã 84', 84),
(85, 'Xã 85', 85),
(86, 'Xã 86', 86),
(87, 'Xã 87', 87),
(88, 'Xã 88', 88),
(89, 'Xã 89', 89),
(90, 'Xã 90', 90),
(91, 'Xã 91', 91),
(92, 'Xã 92', 92),
(93, 'Xã 93', 93),
(94, 'Xã 94', 94),
(95, 'Xã 95', 95),
(96, 'Xã 96', 96),
(97, 'Xã 97', 97),
(98, 'Xã 98', 98),
(99, 'Xã 99', 99),
(100, 'Xã 100', 100),
(101, 'Xã 101', 101),
(102, 'Xã 102', 102),
(103, 'Xã 103', 103),
(104, 'Xã 104', 104),
(105, 'Xã 105', 105),
(106, 'Xã 106', 106),
(107, 'Xã 107', 107),
(108, 'Xã 108', 108),
(109, 'Xã 109', 109),
(110, 'Xã 110', 110),
(111, 'Xã 111', 111),
(112, 'Xã 112', 112),
(113, 'Xã 113', 113),
(114, 'Xã 114', 114),
(115, 'Xã 115', 115),
(116, 'Xã 116', 116),
(117, 'Xã 117', 117),
(118, 'Xã 118', 118),
(119, 'Xã 119', 119),
(120, 'Xã 120', 120),
(121, 'Xã 121', 121),
(122, 'Xã 122', 122),
(123, 'Xã 123', 123),
(124, 'Xã 124', 124),
(125, 'Xã 125', 125),
(126, 'Xã 126', 126),
(127, 'Xã 127', 127),
(128, 'Xã 128', 128),
(129, 'Xã 129', 129),
(130, 'Xã 130', 130),
(131, 'Xã 131', 131),
(132, 'Xã 132', 132),
(133, 'Xã 133', 133),
(134, 'Xã 134', 134),
(135, 'Xã 135', 135),
(136, 'Xã 136', 136),
(137, 'Xã 137', 137),
(138, 'Xã 138', 138),
(139, 'Xã 139', 139),
(140, 'Xã 140', 140),
(141, 'Xã 141', 141),
(142, 'Xã 142', 142),
(143, 'Xã 143', 143),
(144, 'Xã 144', 144),
(145, 'Xã 145', 145),
(146, 'Xã 146', 146),
(147, 'Xã 147', 147),
(148, 'Xã 148', 148),
(149, 'Xã 149', 149),
(150, 'Xã 150', 150),
(151, 'Xã 151', 151),
(152, 'Xã 152', 152),
(153, 'Xã 153', 153),
(154, 'Xã 154', 154),
(155, 'Xã 155', 155),
(156, 'Xã 156', 156),
(157, 'Xã 157', 157),
(158, 'Xã 158', 158),
(159, 'Xã 159', 159),
(160, 'Xã 160', 160),
(161, 'Xã 161', 161),
(162, 'Xã 162', 162),
(163, 'Xã 163', 163),
(164, 'Xã 164', 164),
(165, 'Xã 165', 165),
(166, 'Xã 166', 166),
(167, 'Xã 167', 167),
(168, 'Xã 168', 168),
(169, 'Xã 169', 169),
(170, 'Xã 170', 170),
(171, 'Xã 171', 171),
(172, 'Xã 172', 172),
(173, 'Xã 173', 173),
(174, 'Xã 174', 174),
(175, 'Xã 175', 175),
(176, 'Xã 176', 176),
(177, 'Xã 177', 177),
(178, 'Xã 178', 178),
(179, 'Xã 179', 179),
(180, 'Xã 180', 180),
(181, 'Xã 181', 181),
(182, 'Xã 182', 182),
(183, 'Xã 183', 183),
(184, 'Xã 184', 184),
(185, 'Xã 185', 185),
(186, 'Xã 186', 186),
(187, 'Xã 187', 187),
(188, 'Xã 188', 188),
(189, 'Xã 189', 189),
(190, 'Xã 190', 190),
(191, 'Xã 191', 191),
(192, 'Xã 192', 192),
(193, 'Xã 193', 193),
(194, 'Xã 194', 194),
(195, 'Xã 195', 195),
(196, 'Xã 196', 196),
(197, 'Xã 197', 197),
(198, 'Xã 198', 198),
(199, 'Xã 199', 199),
(200, 'Xã 200', 200),
(201, 'Xã 201', 201),
(202, 'Xã 202', 202),
(203, 'Xã 203', 203),
(204, 'Xã 204', 204),
(205, 'Xã 205', 205),
(206, 'Xã 206', 206),
(207, 'Xã 207', 207),
(208, 'Xã 208', 208),
(209, 'Xã 209', 209),
(210, 'Xã 210', 210),
(211, 'Xã 211', 211),
(212, 'Xã 212', 212),
(213, 'Xã 213', 213),
(214, 'Xã 214', 214),
(215, 'Xã 215', 215),
(216, 'Xã 216', 216),
(217, 'Xã 217', 217),
(218, 'Xã 218', 218),
(219, 'Xã 219', 219),
(220, 'Xã 220', 220),
(221, 'Xã 221', 221),
(222, 'Xã 222', 222),
(223, 'Xã 223', 223),
(224, 'Xã 224', 224),
(225, 'Xã 225', 225),
(226, 'Xã 226', 226),
(227, 'Xã 227', 227),
(228, 'Xã 228', 228),
(229, 'Xã 229', 229),
(230, 'Xã 230', 230),
(231, 'Xã 231', 231),
(232, 'Xã 232', 232),
(233, 'Xã 233', 233),
(234, 'Xã 234', 234),
(235, 'Xã 235', 235),
(236, 'Xã 236', 236),
(237, 'Xã 237', 237),
(238, 'Xã 238', 238),
(239, 'Xã 239', 239),
(240, 'Xã 240', 240),
(241, 'Xã 241', 241),
(242, 'Xã 242', 242),
(243, 'Xã 243', 243),
(244, 'Xã 244', 244),
(245, 'Xã 245', 245),
(246, 'Xã 246', 246),
(247, 'Xã 247', 247),
(248, 'Xã 248', 248),
(249, 'Xã 249', 249),
(250, 'Xã 250', 250),
(251, 'Xã 251', 251),
(252, 'Xã 252', 252),
(253, 'Xã 253', 253),
(254, 'Xã 254', 254),
(255, 'Xã 255', 255),
(256, 'Xã 256', 256),
(257, 'Xã 257', 257),
(258, 'Xã 258', 258),
(259, 'Xã 259', 259),
(260, 'Xã 260', 260),
(261, 'Xã 261', 261),
(262, 'Xã 262', 262),
(263, 'Xã 263', 263),
(264, 'Xã 264', 264),
(265, 'Xã 265', 265),
(266, 'Xã 266', 266),
(267, 'Xã 267', 267),
(268, 'Xã 268', 268),
(269, 'Xã 269', 269),
(270, 'Xã 270', 270),
(271, 'Xã 271', 271),
(272, 'Xã 272', 272),
(273, 'Xã 273', 273),
(274, 'Xã 274', 274),
(275, 'Xã 275', 275),
(276, 'Xã 276', 276),
(277, 'Xã 277', 277),
(278, 'Xã 278', 278),
(279, 'Xã 279', 279),
(280, 'Xã 280', 280),
(281, 'Xã 281', 281),
(282, 'Xã 282', 282),
(283, 'Xã 283', 283),
(284, 'Xã 284', 284),
(285, 'Xã 285', 285),
(286, 'Xã 286', 286),
(287, 'Xã 287', 287),
(288, 'Xã 288', 288),
(289, 'Xã 289', 289),
(290, 'Xã 290', 290),
(291, 'Xã 291', 291),
(292, 'Xã 292', 292),
(293, 'Xã 293', 293),
(294, 'Xã 294', 294),
(295, 'Xã 295', 295),
(296, 'Xã 296', 296),
(297, 'Xã 297', 297),
(298, 'Xã 298', 298),
(299, 'Xã 299', 299),
(300, 'Xã 300', 300),
(301, 'Xã 301', 301),
(302, 'Xã 302', 302),
(303, 'Xã 303', 303),
(304, 'Xã 304', 304),
(305, 'Xã 305', 305),
(306, 'Xã 306', 306),
(307, 'Xã 307', 307),
(308, 'Xã 308', 308),
(309, 'Xã 309', 309),
(310, 'Xã 310', 310),
(311, 'Xã 311', 311),
(312, 'Xã 312', 312),
(313, 'Xã 313', 313),
(314, 'Xã 314', 314),
(315, 'Xã 315', 315),
(316, 'Xã 316', 316),
(317, 'Xã 317', 317),
(318, 'Xã 318', 318),
(319, 'Xã 319', 319),
(320, 'Xã 320', 320),
(321, 'Xã 321', 321),
(322, 'Xã 322', 322),
(323, 'Xã 323', 323),
(324, 'Xã 324', 324),
(325, 'Xã 325', 325),
(326, 'Xã 326', 326),
(327, 'Xã 327', 327),
(328, 'Xã 328', 328),
(329, 'Xã 329', 329),
(330, 'Xã 330', 330),
(331, 'Xã 331', 331),
(332, 'Xã 332', 332),
(333, 'Xã 333', 333),
(334, 'Xã 334', 334),
(335, 'Xã 335', 335),
(336, 'Xã 336', 336),
(337, 'Xã 337', 337),
(338, 'Xã 338', 338),
(339, 'Xã 339', 339),
(340, 'Xã 340', 340),
(341, 'Xã 341', 341),
(342, 'Xã 342', 342),
(343, 'Xã 343', 343),
(344, 'Xã 344', 344),
(345, 'Xã 345', 345),
(346, 'Xã 346', 346),
(347, 'Xã 347', 347),
(348, 'Xã 348', 348),
(349, 'Xã 349', 349),
(350, 'Xã 350', 350),
(351, 'Xã 351', 351),
(352, 'Xã 352', 352),
(353, 'Xã 353', 353),
(354, 'Xã 354', 354),
(355, 'Xã 355', 355),
(356, 'Xã 356', 356),
(357, 'Xã 357', 357),
(358, 'Xã 358', 358),
(359, 'Xã 359', 359),
(360, 'Xã 360', 360),
(361, 'Xã 361', 361),
(362, 'Xã 362', 362),
(363, 'Xã 363', 363),
(364, 'Xã 364', 364),
(365, 'Xã 365', 365),
(366, 'Xã 366', 366),
(367, 'Xã 367', 367),
(368, 'Xã 368', 368),
(369, 'Xã 369', 369),
(370, 'Xã 370', 370),
(371, 'Xã 371', 371),
(372, 'Xã 372', 372),
(373, 'Xã 373', 373),
(374, 'Xã 374', 374),
(375, 'Xã 375', 375),
(376, 'Xã 376', 376),
(377, 'Xã 377', 377),
(378, 'Xã 378', 378),
(379, 'Xã 379', 379),
(380, 'Xã 380', 380),
(381, 'Xã 381', 381),
(382, 'Xã 382', 382),
(383, 'Xã 383', 383),
(384, 'Xã 384', 384),
(385, 'Xã 385', 385),
(386, 'Xã 386', 386),
(387, 'Xã 387', 387),
(388, 'Xã 388', 388),
(389, 'Xã 389', 389),
(390, 'Xã 390', 390),
(391, 'Xã 391', 391),
(392, 'Xã 392', 392),
(393, 'Xã 393', 393),
(394, 'Xã 394', 394),
(395, 'Xã 395', 395),
(396, 'Xã 396', 396),
(397, 'Xã 397', 397),
(398, 'Xã 398', 398),
(399, 'Xã 399', 399),
(400, 'Xã 400', 400),
(401, 'Xã 401', 401),
(402, 'Xã 402', 402),
(403, 'Xã 403', 403),
(404, 'Xã 404', 404),
(405, 'Xã 405', 405),
(406, 'Xã 406', 406),
(407, 'Xã 407', 407),
(408, 'Xã 408', 408),
(409, 'Xã 409', 409),
(410, 'Xã 410', 410),
(411, 'Xã 411', 411),
(412, 'Xã 412', 412),
(413, 'Xã 413', 413),
(414, 'Xã 414', 414),
(415, 'Xã 415', 415),
(416, 'Xã 416', 416),
(417, 'Xã 417', 417),
(418, 'Xã 418', 418),
(419, 'Xã 419', 419),
(420, 'Xã 420', 420),
(421, 'Xã 421', 421),
(422, 'Xã 422', 422),
(423, 'Xã 423', 423),
(424, 'Xã 424', 424),
(425, 'Xã 425', 425),
(426, 'Xã 426', 426),
(427, 'Xã 427', 427),
(428, 'Xã 428', 428),
(429, 'Xã 429', 429),
(430, 'Xã 430', 430),
(431, 'Xã 431', 431),
(432, 'Xã 432', 432),
(433, 'Xã 433', 433),
(434, 'Xã 434', 434),
(435, 'Xã 435', 435),
(436, 'Xã 436', 436),
(437, 'Xã 437', 437),
(438, 'Xã 438', 438),
(439, 'Xã 439', 439),
(440, 'Xã 440', 440),
(441, 'Xã 441', 441),
(442, 'Xã 442', 442),
(443, 'Xã 443', 443),
(444, 'Xã 444', 444),
(445, 'Xã 445', 445),
(446, 'Xã 446', 446),
(447, 'Xã 447', 447),
(448, 'Xã 448', 448),
(449, 'Xã 449', 449),
(450, 'Xã 450', 450),
(451, 'Xã 451', 451),
(452, 'Xã 452', 452),
(453, 'Xã 453', 453),
(454, 'Xã 454', 454),
(455, 'Xã 455', 455),
(456, 'Xã 456', 456),
(457, 'Xã 457', 457),
(458, 'Xã 458', 458),
(459, 'Xã 459', 459),
(460, 'Xã 460', 460),
(461, 'Xã 461', 461),
(462, 'Xã 462', 462),
(463, 'Xã 463', 463),
(464, 'Xã 464', 464),
(465, 'Xã 465', 465),
(466, 'Xã 466', 466),
(467, 'Xã 467', 467),
(468, 'Xã 468', 468),
(469, 'Xã 469', 469),
(470, 'Xã 470', 470),
(471, 'Xã 471', 471),
(472, 'Xã 472', 472),
(473, 'Xã 473', 473),
(474, 'Xã 474', 474),
(475, 'Xã 475', 475),
(476, 'Xã 476', 476),
(477, 'Xã 477', 477),
(478, 'Xã 478', 478),
(479, 'Xã 479', 479),
(480, 'Xã 480', 480),
(481, 'Xã 481', 481),
(482, 'Xã 482', 482),
(483, 'Xã 483', 483),
(484, 'Xã 484', 484),
(485, 'Xã 485', 485),
(486, 'Xã 486', 486),
(487, 'Xã 487', 487),
(488, 'Xã 488', 488),
(489, 'Xã 489', 489),
(490, 'Xã 490', 490),
(491, 'Xã 491', 491),
(492, 'Xã 492', 492),
(493, 'Xã 493', 493),
(494, 'Xã 494', 494),
(495, 'Xã 495', 495),
(496, 'Xã 496', 496),
(497, 'Xã 497', 497),
(498, 'Xã 498', 498),
(499, 'Xã 499', 499),
(500, 'Xã 500', 500),
(501, 'Xã 501', 501),
(502, 'Xã 502', 502),
(503, 'Xã 503', 503),
(504, 'Xã 504', 504),
(505, 'Xã 505', 505),
(506, 'Xã 506', 506),
(507, 'Xã 507', 507),
(508, 'Xã 508', 508),
(509, 'Xã 509', 509),
(510, 'Xã 510', 510),
(511, 'Xã 511', 511),
(512, 'Xã 512', 512),
(513, 'Xã 513', 513),
(514, 'Xã 514', 514),
(515, 'Xã 515', 515),
(516, 'Xã 516', 516),
(517, 'Xã 517', 517),
(518, 'Xã 518', 518),
(519, 'Xã 519', 519),
(520, 'Xã 520', 520),
(521, 'Xã 521', 521),
(522, 'Xã 522', 522),
(523, 'Xã 523', 523),
(524, 'Xã 524', 524),
(525, 'Xã 525', 525),
(526, 'Xã 526', 526),
(527, 'Xã 527', 527),
(528, 'Xã 528', 528),
(529, 'Xã 529', 529),
(530, 'Xã 530', 530),
(531, 'Xã 531', 531),
(532, 'Xã 532', 532),
(533, 'Xã 533', 533),
(534, 'Xã 534', 534),
(535, 'Xã 535', 535),
(536, 'Xã 536', 536),
(537, 'Xã 537', 537),
(538, 'Xã 538', 538),
(539, 'Xã 539', 539),
(540, 'Xã 540', 540),
(541, 'Xã 541', 541),
(542, 'Xã 542', 542),
(543, 'Xã 543', 543),
(544, 'Xã 544', 544),
(545, 'Xã 545', 545),
(546, 'Xã 546', 546),
(547, 'Xã 547', 547),
(548, 'Xã 548', 548),
(549, 'Xã 549', 549),
(550, 'Xã 550', 550),
(551, 'Xã 551', 551),
(552, 'Xã 552', 552),
(553, 'Xã 553', 553),
(554, 'Xã 554', 554),
(555, 'Xã 555', 555),
(556, 'Xã 556', 556),
(557, 'Xã 557', 557),
(558, 'Xã 558', 558),
(559, 'Xã 559', 559),
(560, 'Xã 560', 560),
(561, 'Xã 561', 561),
(562, 'Xã 562', 562),
(563, 'Xã 563', 563),
(564, 'Xã 564', 564),
(565, 'Xã 565', 565),
(566, 'Xã 566', 566),
(567, 'Xã 567', 567),
(568, 'Xã 568', 568),
(569, 'Xã 569', 569),
(570, 'Xã 570', 570),
(571, 'Xã 571', 571),
(572, 'Xã 572', 572),
(573, 'Xã 573', 573),
(574, 'Xã 574', 574),
(575, 'Xã 575', 575),
(576, 'Xã 576', 576),
(577, 'Xã 577', 577),
(578, 'Xã 578', 578),
(579, 'Xã 579', 579),
(580, 'Xã 580', 580),
(581, 'Xã 581', 581),
(582, 'Xã 582', 582),
(583, 'Xã 583', 583),
(584, 'Xã 584', 584),
(585, 'Xã 585', 585),
(586, 'Xã 586', 586),
(587, 'Xã 587', 587),
(588, 'Xã 588', 588),
(589, 'Xã 589', 589),
(590, 'Xã 590', 590),
(591, 'Xã 591', 591),
(592, 'Xã 592', 592),
(593, 'Xã 593', 593),
(594, 'Xã 594', 594),
(595, 'Xã 595', 595),
(596, 'Xã 596', 596),
(597, 'Xã 597', 597),
(598, 'Xã 598', 598),
(599, 'Xã 599', 599),
(600, 'Xã 600', 600),
(601, 'Xã 601', 601),
(602, 'Xã 602', 602),
(603, 'Xã 603', 603),
(604, 'Xã 604', 604),
(605, 'Xã 605', 605),
(606, 'Xã 606', 606),
(607, 'Xã 607', 607),
(608, 'Xã 608', 608),
(609, 'Xã 609', 609),
(610, 'Xã 610', 610),
(611, 'Xã 611', 611),
(612, 'Xã 612', 612),
(613, 'Xã 613', 613),
(614, 'Xã 614', 614),
(615, 'Xã 615', 615),
(616, 'Xã 616', 616),
(617, 'Xã 617', 617),
(618, 'Xã 618', 618),
(619, 'Xã 619', 619),
(620, 'Xã 620', 620),
(621, 'Xã 621', 621),
(622, 'Xã 622', 622),
(623, 'Xã 623', 623),
(624, 'Xã 624', 624),
(625, 'Xã 625', 625),
(626, 'Xã 626', 626),
(627, 'Xã 627', 627),
(628, 'Xã 628', 628),
(629, 'Xã 629', 629),
(630, 'Xã 630', 630),
(631, 'Xã 631', 631),
(632, 'Xã 632', 632),
(633, 'Xã 633', 633),
(634, 'Xã 634', 634),
(635, 'Xã 635', 635),
(636, 'Xã 636', 636),
(637, 'Xã 637', 637),
(638, 'Xã 638', 638),
(639, 'Xã 639', 639),
(640, 'Xã 640', 640),
(641, 'Xã 641', 641),
(642, 'Xã 642', 642),
(643, 'Xã 643', 643),
(644, 'Xã 644', 644),
(645, 'Xã 645', 645),
(646, 'Xã 646', 646),
(647, 'Xã 647', 647),
(648, 'Xã 648', 648),
(649, 'Xã 649', 649),
(650, 'Xã 650', 650),
(651, 'Xã 651', 651),
(652, 'Xã 652', 652),
(653, 'Xã 653', 653),
(654, 'Xã 654', 654),
(655, 'Xã 655', 655),
(656, 'Xã 656', 656),
(657, 'Xã 657', 657),
(658, 'Xã 658', 658),
(659, 'Xã 659', 659),
(660, 'Xã 660', 660),
(661, 'Xã 661', 661),
(662, 'Xã 662', 662),
(663, 'Xã 663', 663),
(664, 'Xã 664', 664),
(665, 'Xã 665', 665),
(666, 'Xã 666', 666),
(667, 'Xã 667', 667),
(668, 'Xã 668', 668),
(669, 'Xã 669', 669),
(670, 'Xã 670', 670),
(671, 'Xã 671', 671),
(672, 'Xã 672', 672),
(673, 'Xã 673', 673),
(674, 'Xã 674', 674),
(675, 'Xã 675', 675),
(676, 'Xã 676', 676),
(677, 'Xã 677', 677),
(678, 'Xã 678', 678),
(679, 'Xã 679', 679),
(680, 'Xã 680', 680),
(681, 'Xã 681', 681),
(682, 'Xã 682', 682),
(683, 'Xã 683', 683),
(684, 'Xã 684', 684),
(685, 'Xã 685', 685),
(686, 'Xã 686', 686),
(687, 'Xã 687', 687),
(688, 'Xã 688', 688),
(689, 'Xã 689', 689),
(690, 'Xã 690', 690),
(691, 'Xã 691', 691),
(692, 'Xã 692', 692),
(693, 'Xã 693', 693),
(694, 'Xã 694', 694),
(695, 'Xã 695', 695),
(696, 'Xã 696', 696),
(697, 'Xã 697', 697),
(698, 'Xã 698', 698),
(699, 'Xã 699', 699),
(700, 'Xã 700', 700),
(701, 'Xã 701', 701),
(702, 'Xã 702', 702),
(703, 'Xã 703', 703),
(704, 'Xã 704', 704),
(705, 'Xã 705', 705);

--
-- Chỉ mục cho các bảng đã đổ
--

--
-- Chỉ mục cho bảng `import_details`
--
ALTER TABLE `import_details`
  ADD PRIMARY KEY (`DetailID`);

--
-- Chỉ mục cho bảng `import_receipts`
--
ALTER TABLE `import_receipts`
  ADD PRIMARY KEY (`ReceiptID`);

--
-- Chỉ mục cho bảng `orders`
--
ALTER TABLE `orders`
  ADD PRIMARY KEY (`OrderID`);

--
-- Chỉ mục cho bảng `products`
--
ALTER TABLE `products`
  ADD PRIMARY KEY (`ProductID`);

--
-- Chỉ mục cho bảng `wards`
--
ALTER TABLE `wards`
  ADD PRIMARY KEY (`wards_id`);

--
-- AUTO_INCREMENT cho các bảng đã đổ
--

--
-- AUTO_INCREMENT cho bảng `import_details`
--
ALTER TABLE `import_details`
  MODIFY `DetailID` int(11) NOT NULL AUTO_INCREMENT, AUTO_INCREMENT=18;

--
-- AUTO_INCREMENT cho bảng `import_receipts`
--
ALTER TABLE `import_receipts`
  MODIFY `ReceiptID` int(11) NOT NULL AUTO_INCREMENT, AUTO_INCREMENT=3;

--
-- AUTO_INCREMENT cho bảng `orders`
--
ALTER TABLE `orders`
  MODIFY `OrderID` int(11) NOT NULL AUTO_INCREMENT, AUTO_INCREMENT=152;

--
-- AUTO_INCREMENT cho bảng `products`
--
ALTER TABLE `products`
  MODIFY `ProductID` int(11) NOT NULL AUTO_INCREMENT, AUTO_INCREMENT=50;

--
-- AUTO_INCREMENT cho bảng `wards`
--
ALTER TABLE `wards`
  MODIFY `wards_id` int(11) NOT NULL AUTO_INCREMENT, AUTO_INCREMENT=706;
COMMIT;

/*!40101 SET CHARACTER_SET_CLIENT=@OLD_CHARACTER_SET_CLIENT */;
/*!40101 SET CHARACTER_SET_RESULTS=@OLD_CHARACTER_SET_RESULTS */;
/*!40101 SET COLLATION_CONNECTION=@OLD_COLLATION_CONNECTION */;
